	canvas	id	label
0	https://github.com/n1kg0r/ds-project-dhdk/Canvas_302	https://dl.ficlit.unibo.it/iiif/2/28429/canvas/p31	BO0451_CAM6537_0031_p.XXVII.jpg
1	https://github.com/n1kg0r/ds-project-dhdk/Canvas_302	https://dl.ficlit.unibo.it/iiif/2/19425/canvas/p15	BO0451_CAM6537_0031_p.XXVII.jpg
2	https://github.com/n1kg0r/ds-project-dhdk/Canvas_302	https://dl.ficlit.unibo.it/iiif/2/28429/canvas/p31	colori
3	https://github.com/n1kg0r/ds-project-dhdk/Canvas_302	https://dl.ficlit.unibo.it/iiif/2/19425/canvas/p15	colori
4	https://github.com/n1kg0r/ds-project-dhdk/Canvas_292	https://dl.ficlit.unibo.it/iiif/2/28429/canvas/p21	BO0451_CAM6537_0021_p.XVII.jpg
5	https://github.com/n1kg0r/ds-project-dhdk/Canvas_292	https://dl.ficlit.unibo.it/iiif/2/19425/canvas/p5	BO0451_CAM6537_0021_p.XVII.jpg
6	https://github.com/n1kg0r/ds-project-dhdk/Canvas_292	https://dl.ficlit.unibo.it/iiif/2/28429/canvas/p21	c2r
7	https://github.com/n1kg0r/ds-project-dhdk/Canvas_292	https://dl.ficlit.unibo.it/iiif/2/19425/canvas/p5	c2r
8	https://github.com/n1kg0r/ds-project-dhdk/Canvas_295	https://dl.ficlit.unibo.it/iiif/2/28429/canvas/p24	BO0451_CAM6537_0024_p.XX.jpg
9	https://github.com/n1kg0r/ds-project-dhdk/Canvas_295	https://dl.ficlit.unibo.it/iiif/2/19425/canvas/p8	BO0451_CAM6537_0024_p.XX.jpg
10	https://github.com/n1kg0r/ds-project-dhdk/Canvas_295	https://dl.ficlit.unibo.it/iiif/2/28429/canvas/p24	c3v
11	https://github.com/n1kg0r/ds-project-dhdk/Canvas_295	https://dl.ficlit.unibo.it/iiif/2/19425/canvas/p8	c3v
12	https://github.com/n1kg0r/ds-project-dhdk/Canvas_293	https://dl.ficlit.unibo.it/iiif/2/28429/canvas/p22	BO0451_CAM6537_0022_p.XVIII.jpg
13	https://github.com/n1kg0r/ds-project-dhdk/Canvas_293	https://dl.ficlit.unibo.it/iiif/2/19425/canvas/p6	BO0451_CAM6537_0022_p.XVIII.jpg
14	https://github.com/n1kg0r/ds-project-dhdk/Canvas_293	https://dl.ficlit.unibo.it/iiif/2/28429/canvas/p22	c2v
15	https://github.com/n1kg0r/ds-project-dhdk/Canvas_293	https://dl.ficlit.unibo.it/iiif/2/19425/canvas/p6	c2v
16	https://github.com/n1kg0r/ds-project-dhdk/Canvas_298	https://dl.ficlit.unibo.it/iiif/2/28429/canvas/p27	BO0451_CAM6537_0027_p.XXIII.jpg
17	https://github.com/n1kg0r/ds-project-dhdk/Canvas_298	https://dl.ficlit.unibo.it/iiif/2/19425/canvas/p11	BO0451_CAM6537_0027_p.XXIII.jpg
18	https://github.com/n1kg0r/ds-project-dhdk/Canvas_298	https://dl.ficlit.unibo.it/iiif/2/28429/canvas/p27	c5r
19	https://github.com/n1kg0r/ds-project-dhdk/Canvas_298	https://dl.ficlit.unibo.it/iiif/2/19425/canvas/p11	c5r
20	https://github.com/n1kg0r/ds-project-dhdk/Canvas_288	https://dl.ficlit.unibo.it/iiif/2/28429/canvas/p17	BO0451_CAM6537_0017_p.XIII.jpg
21	https://github.com/n1kg0r/ds-project-dhdk/Canvas_288	https://dl.ficlit.unibo.it/iiif/2/19425/canvas/p1	BO0451_CAM6537_0017_p.XIII.jpg
22	https://github.com/n1kg0r/ds-project-dhdk/Canvas_288	https://dl.ficlit.unibo.it/iiif/2/28429/canvas/p17	r
23	https://github.com/n1kg0r/ds-project-dhdk/Canvas_288	https://dl.ficlit.unibo.it/iiif/2/19425/canvas/p1	r
24	https://github.com/n1kg0r/ds-project-dhdk/Canvas_297	https://dl.ficlit.unibo.it/iiif/2/28429/canvas/p26	BO0451_CAM6537_0026_p.XXII.jpg
25	https://github.com/n1kg0r/ds-project-dhdk/Canvas_297	https://dl.ficlit.unibo.it/iiif/2/19425/canvas/p10	BO0451_CAM6537_0026_p.XXII.jpg
26	https://github.com/n1kg0r/ds-project-dhdk/Canvas_297	https://dl.ficlit.unibo.it/iiif/2/28429/canvas/p26	c4v
27	https://github.com/n1kg0r/ds-project-dhdk/Canvas_297	https://dl.ficlit.unibo.it/iiif/2/19425/canvas/p10	c4v
28	https://github.com/n1kg0r/ds-project-dhdk/Canvas_300	https://dl.ficlit.unibo.it/iiif/2/28429/canvas/p29	BO0451_CAM6537_0029_p.XXV.jpg
29	https://github.com/n1kg0r/ds-project-dhdk/Canvas_300	https://dl.ficlit.unibo.it/iiif/2/19425/canvas/p13	BO0451_CAM6537_0029_p.XXV.jpg
30	https://github.com/n1kg0r/ds-project-dhdk/Canvas_300	https://dl.ficlit.unibo.it/iiif/2/28429/canvas/p29	r
31	https://github.com/n1kg0r/ds-project-dhdk/Canvas_300	https://dl.ficlit.unibo.it/iiif/2/19425/canvas/p13	r
32	https://github.com/n1kg0r/ds-project-dhdk/Canvas_296	https://dl.ficlit.unibo.it/iiif/2/28429/canvas/p25	BO0451_CAM6537_0025_p.XXI.jpg
33	https://github.com/n1kg0r/ds-project-dhdk/Canvas_296	https://dl.ficlit.unibo.it/iiif/2/19425/canvas/p9	BO0451_CAM6537_0025_p.XXI.jpg
34	https://github.com/n1kg0r/ds-project-dhdk/Canvas_296	https://dl.ficlit.unibo.it/iiif/2/28429/canvas/p25	c4r
35	https://github.com/n1kg0r/ds-project-dhdk/Canvas_296	https://dl.ficlit.unibo.it/iiif/2/19425/canvas/p9	c4r
36	https://github.com/n1kg0r/ds-project-dhdk/Canvas_301	https://dl.ficlit.unibo.it/iiif/2/28429/canvas/p30	BO0451_CAM6537_0030_p.XXVI.jpg
37	https://github.com/n1kg0r/ds-project-dhdk/Canvas_301	https://dl.ficlit.unibo.it/iiif/2/19425/canvas/p14	BO0451_CAM6537_0030_p.XXVI.jpg
38	https://github.com/n1kg0r/ds-project-dhdk/Canvas_301	https://dl.ficlit.unibo.it/iiif/2/28429/canvas/p30	v
39	https://github.com/n1kg0r/ds-project-dhdk/Canvas_301	https://dl.ficlit.unibo.it/iiif/2/19425/canvas/p14	v
40	https://github.com/n1kg0r/ds-project-dhdk/Canvas_289	https://dl.ficlit.unibo.it/iiif/2/28429/canvas/p18	BO0451_CAM6537_0018_p.XIV.jpg
41	https://github.com/n1kg0r/ds-project-dhdk/Canvas_289	https://dl.ficlit.unibo.it/iiif/2/19425/canvas/p2	BO0451_CAM6537_0018_p.XIV.jpg
42	https://github.com/n1kg0r/ds-project-dhdk/Canvas_289	https://dl.ficlit.unibo.it/iiif/2/28429/canvas/p18	v
43	https://github.com/n1kg0r/ds-project-dhdk/Canvas_289	https://dl.ficlit.unibo.it/iiif/2/19425/canvas/p2	v
44	https://github.com/n1kg0r/ds-project-dhdk/Canvas_290	https://dl.ficlit.unibo.it/iiif/2/28429/canvas/p19	BO0451_CAM6537_0019_p.XV.jpg
45	https://github.com/n1kg0r/ds-project-dhdk/Canvas_290	https://dl.ficlit.unibo.it/iiif/2/19425/canvas/p3	BO0451_CAM6537_0019_p.XV.jpg
46	https://github.com/n1kg0r/ds-project-dhdk/Canvas_290	https://dl.ficlit.unibo.it/iiif/2/28429/canvas/p19	c1r
47	https://github.com/n1kg0r/ds-project-dhdk/Canvas_290	https://dl.ficlit.unibo.it/iiif/2/19425/canvas/p3	c1r
48	https://github.com/n1kg0r/ds-project-dhdk/Canvas_299	https://dl.ficlit.unibo.it/iiif/2/28429/canvas/p28	BO0451_CAM6537_0028_p.XXIV.jpg
49	https://github.com/n1kg0r/ds-project-dhdk/Canvas_299	https://dl.ficlit.unibo.it/iiif/2/19425/canvas/p12	BO0451_CAM6537_0028_p.XXIV.jpg
50	https://github.com/n1kg0r/ds-project-dhdk/Canvas_299	https://dl.ficlit.unibo.it/iiif/2/28429/canvas/p28	c5v
51	https://github.com/n1kg0r/ds-project-dhdk/Canvas_299	https://dl.ficlit.unibo.it/iiif/2/19425/canvas/p12	c5v
52	https://github.com/n1kg0r/ds-project-dhdk/Canvas_314	https://dl.ficlit.unibo.it/iiif/2/28429/canvas/p43	BO0451_CAM6537_0043_p.XXXV.jpg
53	https://github.com/n1kg0r/ds-project-dhdk/Canvas_387	https://dl.ficlit.unibo.it/iiif/2/28429/canvas/p116	BO0451_CAM6537_0116_tavola recto.jpg
54	https://github.com/n1kg0r/ds-project-dhdk/Canvas_310	https://dl.ficlit.unibo.it/iiif/2/28429/canvas/p39	BO0451_CAM6537_0039_p.XXXI.jpg
55	https://github.com/n1kg0r/ds-project-dhdk/Canvas_316	https://dl.ficlit.unibo.it/iiif/2/28429/canvas/p45	BO0451_CAM6537_0045_p.XXXVII.jpg
56	https://github.com/n1kg0r/ds-project-dhdk/Canvas_294	https://dl.ficlit.unibo.it/iiif/2/28429/canvas/p23	BO0451_CAM6537_0023_p.XIX.jpg
57	https://github.com/n1kg0r/ds-project-dhdk/Canvas_294	https://dl.ficlit.unibo.it/iiif/2/28429/canvas/p23	BO0451_CAM6537_0023_p.XIX.jpg
58	https://github.com/n1kg0r/ds-project-dhdk/Canvas_294	https://dl.ficlit.unibo.it/iiif/2/19425/canvas/p7	BO0451_CAM6537_0023_p.XIX.jpg
59	https://github.com/n1kg0r/ds-project-dhdk/Canvas_294	https://dl.ficlit.unibo.it/iiif/2/19425/canvas/p7	BO0451_CAM6537_0023_p.XIX.jpg
60	https://github.com/n1kg0r/ds-project-dhdk/Canvas_294	https://dl.ficlit.unibo.it/iiif/2/28429/canvas/p23	c3r
61	https://github.com/n1kg0r/ds-project-dhdk/Canvas_294	https://dl.ficlit.unibo.it/iiif/2/28429/canvas/p23	c3r
62	https://github.com/n1kg0r/ds-project-dhdk/Canvas_294	https://dl.ficlit.unibo.it/iiif/2/19425/canvas/p7	c3r
63	https://github.com/n1kg0r/ds-project-dhdk/Canvas_294	https://dl.ficlit.unibo.it/iiif/2/19425/canvas/p7	c3r
64	https://github.com/n1kg0r/ds-project-dhdk/Canvas_338	https://dl.ficlit.unibo.it/iiif/2/28429/canvas/p67	BO0451_CAM6537_0067_tavola recto.jpg
65	https://github.com/n1kg0r/ds-project-dhdk/Canvas_313	https://dl.ficlit.unibo.it/iiif/2/28429/canvas/p42	BO0451_CAM6537_0042_p.XXXIV.jpg
66	https://github.com/n1kg0r/ds-project-dhdk/Canvas_448	https://dl.ficlit.unibo.it/iiif/2/28429/canvas/p177	BO0451_CAM6537_0177_p.89.jpg
67	https://github.com/n1kg0r/ds-project-dhdk/Canvas_375	https://dl.ficlit.unibo.it/iiif/2/28429/canvas/p104	BO0451_CAM6537_0104_p.42.jpg
68	https://github.com/n1kg0r/ds-project-dhdk/Canvas_385	https://dl.ficlit.unibo.it/iiif/2/28429/canvas/p114	BO0451_CAM6537_0114_p.48.jpg
69	https://github.com/n1kg0r/ds-project-dhdk/Canvas_405	https://dl.ficlit.unibo.it/iiif/2/28429/canvas/p134	BO0451_CAM6537_0134_p.58.jpg
70	https://github.com/n1kg0r/ds-project-dhdk/Canvas_312	https://dl.ficlit.unibo.it/iiif/2/28429/canvas/p41	BO0451_CAM6537_0041_p.XXXIII.jpg
71	https://github.com/n1kg0r/ds-project-dhdk/Canvas_414	https://dl.ficlit.unibo.it/iiif/2/28429/canvas/p143	BO0451_CAM6537_0143_p.67.jpg
72	https://github.com/n1kg0r/ds-project-dhdk/Canvas_340	https://dl.ficlit.unibo.it/iiif/2/28429/canvas/p69	BO0451_CAM6537_0069_p.11.jpg
73	https://github.com/n1kg0r/ds-project-dhdk/Canvas_368	https://dl.ficlit.unibo.it/iiif/2/28429/canvas/p97	BO0451_CAM6537_0097_p.35.jpg
74	https://github.com/n1kg0r/ds-project-dhdk/Canvas_291	https://dl.ficlit.unibo.it/iiif/2/28429/canvas/p20	BO0451_CAM6537_0020_p.XVI.jpg
75	https://github.com/n1kg0r/ds-project-dhdk/Canvas_291	https://dl.ficlit.unibo.it/iiif/2/28429/canvas/p20	BO0451_CAM6537_0020_p.XVI.jpg
76	https://github.com/n1kg0r/ds-project-dhdk/Canvas_291	https://dl.ficlit.unibo.it/iiif/2/19425/canvas/p4	BO0451_CAM6537_0020_p.XVI.jpg
77	https://github.com/n1kg0r/ds-project-dhdk/Canvas_291	https://dl.ficlit.unibo.it/iiif/2/19425/canvas/p4	BO0451_CAM6537_0020_p.XVI.jpg
78	https://github.com/n1kg0r/ds-project-dhdk/Canvas_291	https://dl.ficlit.unibo.it/iiif/2/28429/canvas/p20	c1v
79	https://github.com/n1kg0r/ds-project-dhdk/Canvas_291	https://dl.ficlit.unibo.it/iiif/2/28429/canvas/p20	c1v
80	https://github.com/n1kg0r/ds-project-dhdk/Canvas_291	https://dl.ficlit.unibo.it/iiif/2/19425/canvas/p4	c1v
81	https://github.com/n1kg0r/ds-project-dhdk/Canvas_291	https://dl.ficlit.unibo.it/iiif/2/19425/canvas/p4	c1v
82	https://github.com/n1kg0r/ds-project-dhdk/Canvas_304	https://dl.ficlit.unibo.it/iiif/2/28429/canvas/p33	BO0451_CAM6537_0033_p.XXIX.jpg
83	https://github.com/n1kg0r/ds-project-dhdk/Canvas_459	https://dl.ficlit.unibo.it/iiif/2/28429/canvas/p188	BO0451_CAM6537_0188_np.jpg
84	https://github.com/n1kg0r/ds-project-dhdk/Canvas_423	https://dl.ficlit.unibo.it/iiif/2/28429/canvas/p152	BO0451_CAM6537_0152_p.72.jpg
85	https://github.com/n1kg0r/ds-project-dhdk/Canvas_344	https://dl.ficlit.unibo.it/iiif/2/28429/canvas/p73	BO0451_CAM6537_0073_p.15.jpg
86	https://github.com/n1kg0r/ds-project-dhdk/Canvas_446	https://dl.ficlit.unibo.it/iiif/2/28429/canvas/p175	BO0451_CAM6537_0175_p.87.jpg
87	https://github.com/n1kg0r/ds-project-dhdk/Canvas_303	https://dl.ficlit.unibo.it/iiif/2/28429/canvas/p32	BO0451_CAM6537_0032_p.XXVIII.jpg
88	https://github.com/n1kg0r/ds-project-dhdk/Canvas_303	https://dl.ficlit.unibo.it/iiif/2/28429/canvas/p32	BO0451_CAM6537_0032_p.XXVIII.jpg
89	https://github.com/n1kg0r/ds-project-dhdk/Canvas_303	https://dl.ficlit.unibo.it/iiif/2/19425/canvas/p16	BO0451_CAM6537_0032_p.XXVIII.jpg
90	https://github.com/n1kg0r/ds-project-dhdk/Canvas_303	https://dl.ficlit.unibo.it/iiif/2/19425/canvas/p16	BO0451_CAM6537_0032_p.XXVIII.jpg
91	https://github.com/n1kg0r/ds-project-dhdk/Canvas_303	https://dl.ficlit.unibo.it/iiif/2/28429/canvas/p32	scala
92	https://github.com/n1kg0r/ds-project-dhdk/Canvas_303	https://dl.ficlit.unibo.it/iiif/2/28429/canvas/p32	scala
93	https://github.com/n1kg0r/ds-project-dhdk/Canvas_303	https://dl.ficlit.unibo.it/iiif/2/19425/canvas/p16	scala
94	https://github.com/n1kg0r/ds-project-dhdk/Canvas_303	https://dl.ficlit.unibo.it/iiif/2/19425/canvas/p16	scala
95	https://github.com/n1kg0r/ds-project-dhdk/Canvas_403	https://dl.ficlit.unibo.it/iiif/2/28429/canvas/p132	BO0451_CAM6537_0132_tavola verso.jpg
96	https://github.com/n1kg0r/ds-project-dhdk/Canvas_452	https://dl.ficlit.unibo.it/iiif/2/28429/canvas/p181	BO0451_CAM6537_0181_p.93.jpg
97	https://github.com/n1kg0r/ds-project-dhdk/Canvas_287	https://dl.ficlit.unibo.it/iiif/2/28429/canvas/p16	BO0451_CAM6537_0016_p.XII.jpg
98	https://github.com/n1kg0r/ds-project-dhdk/Canvas_287	https://dl.ficlit.unibo.it/iiif/2/19428/canvas/p16	BO0451_CAM6537_0016_p.XII.jpg
99	https://github.com/n1kg0r/ds-project-dhdk/Canvas_287	https://dl.ficlit.unibo.it/iiif/2/28429/canvas/p16	scala
100	https://github.com/n1kg0r/ds-project-dhdk/Canvas_497	https://dl.ficlit.unibo.it/iiif/2/28429/canvas/p226	BO0451_CAM6537_0226_p.[130].jpg
101	https://github.com/n1kg0r/ds-project-dhdk/Canvas_443	https://dl.ficlit.unibo.it/iiif/2/28429/canvas/p172	BO0451_CAM6537_0172_p.84.jpg
102	https://github.com/n1kg0r/ds-project-dhdk/Canvas_413	https://dl.ficlit.unibo.it/iiif/2/28429/canvas/p142	BO0451_CAM6537_0142_p.66.jpg
103	https://github.com/n1kg0r/ds-project-dhdk/Canvas_500	https://dl.ficlit.unibo.it/iiif/2/28429/canvas/p229	BO0451_CAM6537_0229_foglio di guardia.jpg
104	https://github.com/n1kg0r/ds-project-dhdk/Canvas_461	https://dl.ficlit.unibo.it/iiif/2/28429/canvas/p190	BO0451_CAM6537_0190_tavola verso.jpg
105	https://github.com/n1kg0r/ds-project-dhdk/Canvas_474	https://dl.ficlit.unibo.it/iiif/2/28429/canvas/p203	BO0451_CAM6537_0203_p.111.jpg
106	https://github.com/n1kg0r/ds-project-dhdk/Canvas_353	https://dl.ficlit.unibo.it/iiif/2/28429/canvas/p82	BO0451_CAM6537_0082_np.jpg
107	https://github.com/n1kg0r/ds-project-dhdk/Canvas_499	https://dl.ficlit.unibo.it/iiif/2/28429/canvas/p228	BO0451_CAM6537_0228_foglio di guardia.jpg
108	https://github.com/n1kg0r/ds-project-dhdk/Canvas_465	https://dl.ficlit.unibo.it/iiif/2/28429/canvas/p194	BO0451_CAM6537_0194_p.102.jpg
109	https://github.com/n1kg0r/ds-project-dhdk/Canvas_361	https://dl.ficlit.unibo.it/iiif/2/28429/canvas/p90	BO0451_CAM6537_0090_p.28.jpg
110	https://github.com/n1kg0r/ds-project-dhdk/Canvas_401	https://dl.ficlit.unibo.it/iiif/2/28429/canvas/p130	BO0451_CAM6537_0130_np.jpg
111	https://github.com/n1kg0r/ds-project-dhdk/Canvas_480	https://dl.ficlit.unibo.it/iiif/2/28429/canvas/p209	BO0451_CAM6537_0209_tavola recto.jpg
112	https://github.com/n1kg0r/ds-project-dhdk/Canvas_472	https://dl.ficlit.unibo.it/iiif/2/28429/canvas/p201	BO0451_CAM6537_0201_p.109.jpg
113	https://github.com/n1kg0r/ds-project-dhdk/Canvas_274	https://dl.ficlit.unibo.it/iiif/2/28429/canvas/p3	BO0451_CAM6537_0003_foglio di guardia.jpg
114	https://github.com/n1kg0r/ds-project-dhdk/Canvas_274	https://dl.ficlit.unibo.it/iiif/2/19428/canvas/p3	BO0451_CAM6537_0003_foglio di guardia.jpg
115	https://github.com/n1kg0r/ds-project-dhdk/Canvas_274	https://dl.ficlit.unibo.it/iiif/2/28429/canvas/p3	c1r
116	https://github.com/n1kg0r/ds-project-dhdk/Canvas_274	https://dl.ficlit.unibo.it/iiif/2/19428/canvas/p3	c1r
117	https://github.com/n1kg0r/ds-project-dhdk/Canvas_506	https://dl.ficlit.unibo.it/iiif/2/28429/canvas/p235	BO0451_CAM6537_0235_dorso.jpg
118	https://github.com/n1kg0r/ds-project-dhdk/Canvas_339	https://dl.ficlit.unibo.it/iiif/2/28429/canvas/p68	BO0451_CAM6537_0068_tavola verso.jpg
119	https://github.com/n1kg0r/ds-project-dhdk/Canvas_392	https://dl.ficlit.unibo.it/iiif/2/28429/canvas/p121	BO0451_CAM6537_0121_p.49.jpg
120	https://github.com/n1kg0r/ds-project-dhdk/Canvas_296	https://dl.ficlit.unibo.it/iiif/2/28429/canvas/p25	BO0451_CAM6537_0025_p.XXI.jpg
121	https://github.com/n1kg0r/ds-project-dhdk/Canvas_296	https://dl.ficlit.unibo.it/iiif/2/19425/canvas/p9	BO0451_CAM6537_0025_p.XXI.jpg
122	https://github.com/n1kg0r/ds-project-dhdk/Canvas_296	https://dl.ficlit.unibo.it/iiif/2/28429/canvas/p25	c4r
123	https://github.com/n1kg0r/ds-project-dhdk/Canvas_296	https://dl.ficlit.unibo.it/iiif/2/19425/canvas/p9	c4r
124	https://github.com/n1kg0r/ds-project-dhdk/Canvas_301	https://dl.ficlit.unibo.it/iiif/2/28429/canvas/p30	BO0451_CAM6537_0030_p.XXVI.jpg
125	https://github.com/n1kg0r/ds-project-dhdk/Canvas_301	https://dl.ficlit.unibo.it/iiif/2/19425/canvas/p14	BO0451_CAM6537_0030_p.XXVI.jpg
126	https://github.com/n1kg0r/ds-project-dhdk/Canvas_301	https://dl.ficlit.unibo.it/iiif/2/28429/canvas/p30	v
127	https://github.com/n1kg0r/ds-project-dhdk/Canvas_301	https://dl.ficlit.unibo.it/iiif/2/19425/canvas/p14	v
128	https://github.com/n1kg0r/ds-project-dhdk/Canvas_272	https://dl.ficlit.unibo.it/iiif/2/28429/canvas/p1	BO0451_CAM6537_0001_piatto anteriore.jpg
129	https://github.com/n1kg0r/ds-project-dhdk/Canvas_272	https://dl.ficlit.unibo.it/iiif/2/19428/canvas/p1	BO0451_CAM6537_0001_piatto anteriore.jpg
130	https://github.com/n1kg0r/ds-project-dhdk/Canvas_272	https://dl.ficlit.unibo.it/iiif/2/28429/canvas/p1	r
131	https://github.com/n1kg0r/ds-project-dhdk/Canvas_272	https://dl.ficlit.unibo.it/iiif/2/19428/canvas/p1	r
132	https://github.com/n1kg0r/ds-project-dhdk/Canvas_389	https://dl.ficlit.unibo.it/iiif/2/28429/canvas/p118	BO0451_CAM6537_0118_np.jpg
133	https://github.com/n1kg0r/ds-project-dhdk/Canvas_427	https://dl.ficlit.unibo.it/iiif/2/28429/canvas/p156	BO0451_CAM6537_0156_p.76.jpg
134	https://github.com/n1kg0r/ds-project-dhdk/Canvas_463	https://dl.ficlit.unibo.it/iiif/2/28429/canvas/p192	BO0451_CAM6537_0192_p.100.jpg
135	https://github.com/n1kg0r/ds-project-dhdk/Canvas_425	https://dl.ficlit.unibo.it/iiif/2/28429/canvas/p154	BO0451_CAM6537_0154_p.74.jpg
136	https://github.com/n1kg0r/ds-project-dhdk/Canvas_287	https://dl.ficlit.unibo.it/iiif/2/19428/canvas/p16	scala
137	https://github.com/n1kg0r/ds-project-dhdk/Canvas_356	https://dl.ficlit.unibo.it/iiif/2/28429/canvas/p85	BO0451_CAM6537_0085_p.23.jpg
138	https://github.com/n1kg0r/ds-project-dhdk/Canvas_336	https://dl.ficlit.unibo.it/iiif/2/28429/canvas/p65	BO0451_CAM6537_0065_np.jpg
139	https://github.com/n1kg0r/ds-project-dhdk/Canvas_315	https://dl.ficlit.unibo.it/iiif/2/28429/canvas/p44	BO0451_CAM6537_0044_p.XXXVI.jpg
140	https://github.com/n1kg0r/ds-project-dhdk/Canvas_460	https://dl.ficlit.unibo.it/iiif/2/28429/canvas/p189	BO0451_CAM6537_0189_tavola recto.jpg
141	https://github.com/n1kg0r/ds-project-dhdk/Canvas_381	https://dl.ficlit.unibo.it/iiif/2/28429/canvas/p110	BO0451_CAM6537_0110_tavola verso.jpg
142	https://github.com/n1kg0r/ds-project-dhdk/Canvas_391	https://dl.ficlit.unibo.it/iiif/2/28429/canvas/p120	BO0451_CAM6537_0120_tavola verso.jpg
143	https://github.com/n1kg0r/ds-project-dhdk/Canvas_475	https://dl.ficlit.unibo.it/iiif/2/28429/canvas/p204	BO0451_CAM6537_0204_p.112.jpg
144	https://github.com/n1kg0r/ds-project-dhdk/Canvas_360	https://dl.ficlit.unibo.it/iiif/2/28429/canvas/p89	BO0451_CAM6537_0089_p.27.jpg
145	https://github.com/n1kg0r/ds-project-dhdk/Canvas_438	https://dl.ficlit.unibo.it/iiif/2/28429/canvas/p167	BO0451_CAM6537_0167_np.jpg
146	https://github.com/n1kg0r/ds-project-dhdk/Canvas_478	https://dl.ficlit.unibo.it/iiif/2/28429/canvas/p207	BO0451_CAM6537_0207_np.jpg
147	https://github.com/n1kg0r/ds-project-dhdk/Canvas_337	https://dl.ficlit.unibo.it/iiif/2/28429/canvas/p66	BO0451_CAM6537_0066_np.jpg
148	https://github.com/n1kg0r/ds-project-dhdk/Canvas_351	https://dl.ficlit.unibo.it/iiif/2/28429/canvas/p80	BO0451_CAM6537_0080_p.22.jpg
149	https://github.com/n1kg0r/ds-project-dhdk/Canvas_383	https://dl.ficlit.unibo.it/iiif/2/28429/canvas/p112	BO0451_CAM6537_0112_p.46.jpg
150	https://github.com/n1kg0r/ds-project-dhdk/Canvas_358	https://dl.ficlit.unibo.it/iiif/2/28429/canvas/p87	BO0451_CAM6537_0087_p.25.jpg
151	https://github.com/n1kg0r/ds-project-dhdk/Canvas_308	https://dl.ficlit.unibo.it/iiif/2/28429/canvas/p37	BO0451_CAM6537_0037_tavola recto.jpg
152	https://github.com/n1kg0r/ds-project-dhdk/Canvas_328	https://dl.ficlit.unibo.it/iiif/2/28429/canvas/p57	BO0451_CAM6537_0057_p.3.jpg
153	https://github.com/n1kg0r/ds-project-dhdk/Canvas_454	https://dl.ficlit.unibo.it/iiif/2/28429/canvas/p183	BO0451_CAM6537_0183_p.95.jpg
154	https://github.com/n1kg0r/ds-project-dhdk/Canvas_495	https://dl.ficlit.unibo.it/iiif/2/28429/canvas/p224	BO0451_CAM6537_0224_p.128.jpg
155	https://github.com/n1kg0r/ds-project-dhdk/Canvas_367	https://dl.ficlit.unibo.it/iiif/2/28429/canvas/p96	BO0451_CAM6537_0096_p.34.jpg
156	https://github.com/n1kg0r/ds-project-dhdk/Canvas_430	https://dl.ficlit.unibo.it/iiif/2/28429/canvas/p159	BO0451_CAM6537_0159_tavola recto.jpg
157	https://github.com/n1kg0r/ds-project-dhdk/Canvas_402	https://dl.ficlit.unibo.it/iiif/2/28429/canvas/p131	BO0451_CAM6537_0131_tavola recto.jpg
158	https://github.com/n1kg0r/ds-project-dhdk/Canvas_311	https://dl.ficlit.unibo.it/iiif/2/28429/canvas/p40	BO0451_CAM6537_0040_p.XXXII.jpg
159	https://github.com/n1kg0r/ds-project-dhdk/Canvas_473	https://dl.ficlit.unibo.it/iiif/2/28429/canvas/p202	BO0451_CAM6537_0202_p.110.jpg
160	https://github.com/n1kg0r/ds-project-dhdk/Canvas_426	https://dl.ficlit.unibo.it/iiif/2/28429/canvas/p155	BO0451_CAM6537_0155_p.75.jpg
161	https://github.com/n1kg0r/ds-project-dhdk/Canvas_364	https://dl.ficlit.unibo.it/iiif/2/28429/canvas/p93	BO0451_CAM6537_0093_p.31.jpg
162	https://github.com/n1kg0r/ds-project-dhdk/Canvas_455	https://dl.ficlit.unibo.it/iiif/2/28429/canvas/p184	BO0451_CAM6537_0184_p.96.jpg
163	https://github.com/n1kg0r/ds-project-dhdk/Canvas_440	https://dl.ficlit.unibo.it/iiif/2/28429/canvas/p169	BO0451_CAM6537_0169_tavola recto.jpg
164	https://github.com/n1kg0r/ds-project-dhdk/Canvas_302	https://dl.ficlit.unibo.it/iiif/2/28429/canvas/p31	BO0451_CAM6537_0031_p.XXVII.jpg
165	https://github.com/n1kg0r/ds-project-dhdk/Canvas_302	https://dl.ficlit.unibo.it/iiif/2/19425/canvas/p15	BO0451_CAM6537_0031_p.XXVII.jpg
166	https://github.com/n1kg0r/ds-project-dhdk/Canvas_302	https://dl.ficlit.unibo.it/iiif/2/28429/canvas/p31	colori
167	https://github.com/n1kg0r/ds-project-dhdk/Canvas_302	https://dl.ficlit.unibo.it/iiif/2/19425/canvas/p15	colori
168	https://github.com/n1kg0r/ds-project-dhdk/Canvas_322	https://dl.ficlit.unibo.it/iiif/2/28429/canvas/p51	BO0451_CAM6537_0051_np.jpg
169	https://github.com/n1kg0r/ds-project-dhdk/Canvas_416	https://dl.ficlit.unibo.it/iiif/2/28429/canvas/p145	BO0451_CAM6537_0145_np.jpg
170	https://github.com/n1kg0r/ds-project-dhdk/Canvas_400	https://dl.ficlit.unibo.it/iiif/2/28429/canvas/p129	BO0451_CAM6537_0129_np.jpg
171	https://github.com/n1kg0r/ds-project-dhdk/Canvas_419	https://dl.ficlit.unibo.it/iiif/2/28429/canvas/p148	BO0451_CAM6537_0148_tavola verso.jpg
172	https://github.com/n1kg0r/ds-project-dhdk/Canvas_433	https://dl.ficlit.unibo.it/iiif/2/28429/canvas/p162	BO0451_CAM6537_0162_p.78.jpg
173	https://github.com/n1kg0r/ds-project-dhdk/Canvas_305	https://dl.ficlit.unibo.it/iiif/2/28429/canvas/p34	BO0451_CAM6537_0034_p.XXX.jpg
174	https://github.com/n1kg0r/ds-project-dhdk/Canvas_447	https://dl.ficlit.unibo.it/iiif/2/28429/canvas/p176	BO0451_CAM6537_0176_p.88.jpg
175	https://github.com/n1kg0r/ds-project-dhdk/Canvas_510	https://dl.ficlit.unibo.it/iiif/2/28429/canvas/p239	BO0451_CAM6537_0239_metro e colore.jpg
176	https://github.com/n1kg0r/ds-project-dhdk/Canvas_333	https://dl.ficlit.unibo.it/iiif/2/28429/canvas/p62	BO0451_CAM6537_0062_p.8.jpg
177	https://github.com/n1kg0r/ds-project-dhdk/Canvas_292	https://dl.ficlit.unibo.it/iiif/2/28429/canvas/p21	BO0451_CAM6537_0021_p.XVII.jpg
178	https://github.com/n1kg0r/ds-project-dhdk/Canvas_292	https://dl.ficlit.unibo.it/iiif/2/19425/canvas/p5	BO0451_CAM6537_0021_p.XVII.jpg
179	https://github.com/n1kg0r/ds-project-dhdk/Canvas_292	https://dl.ficlit.unibo.it/iiif/2/28429/canvas/p21	c2r
180	https://github.com/n1kg0r/ds-project-dhdk/Canvas_292	https://dl.ficlit.unibo.it/iiif/2/19425/canvas/p5	c2r
181	https://github.com/n1kg0r/ds-project-dhdk/Canvas_469	https://dl.ficlit.unibo.it/iiif/2/28429/canvas/p198	BO0451_CAM6537_0198_p.106.jpg
182	https://github.com/n1kg0r/ds-project-dhdk/Canvas_377	https://dl.ficlit.unibo.it/iiif/2/28429/canvas/p106	BO0451_CAM6537_0106_p.44.jpg
183	https://github.com/n1kg0r/ds-project-dhdk/Canvas_295	https://dl.ficlit.unibo.it/iiif/2/28429/canvas/p24	BO0451_CAM6537_0024_p.XX.jpg
184	https://github.com/n1kg0r/ds-project-dhdk/Canvas_295	https://dl.ficlit.unibo.it/iiif/2/19425/canvas/p8	BO0451_CAM6537_0024_p.XX.jpg
185	https://github.com/n1kg0r/ds-project-dhdk/Canvas_295	https://dl.ficlit.unibo.it/iiif/2/28429/canvas/p24	c3v
186	https://github.com/n1kg0r/ds-project-dhdk/Canvas_295	https://dl.ficlit.unibo.it/iiif/2/19425/canvas/p8	c3v
187	https://github.com/n1kg0r/ds-project-dhdk/Canvas_324	https://dl.ficlit.unibo.it/iiif/2/28429/canvas/p53	BO0451_CAM6537_0053_tavola recto.jpg
188	https://github.com/n1kg0r/ds-project-dhdk/Canvas_350	https://dl.ficlit.unibo.it/iiif/2/28429/canvas/p79	BO0451_CAM6537_0079_p.21.jpg
189	https://github.com/n1kg0r/ds-project-dhdk/Canvas_363	https://dl.ficlit.unibo.it/iiif/2/28429/canvas/p92	BO0451_CAM6537_0092_p.30.jpg
190	https://github.com/n1kg0r/ds-project-dhdk/Canvas_278	https://dl.ficlit.unibo.it/iiif/2/28429/canvas/p7	BO0451_CAM6537_0007_p.[III].jpg
191	https://github.com/n1kg0r/ds-project-dhdk/Canvas_278	https://dl.ficlit.unibo.it/iiif/2/19428/canvas/p7	BO0451_CAM6537_0007_p.[III].jpg
192	https://github.com/n1kg0r/ds-project-dhdk/Canvas_278	https://dl.ficlit.unibo.it/iiif/2/28429/canvas/p7	c3r
193	https://github.com/n1kg0r/ds-project-dhdk/Canvas_278	https://dl.ficlit.unibo.it/iiif/2/19428/canvas/p7	c3r
194	https://github.com/n1kg0r/ds-project-dhdk/Canvas_279	https://dl.ficlit.unibo.it/iiif/2/28429/canvas/p8	BO0451_CAM6537_0008_p.[IV].jpg
195	https://github.com/n1kg0r/ds-project-dhdk/Canvas_279	https://dl.ficlit.unibo.it/iiif/2/19428/canvas/p8	BO0451_CAM6537_0008_p.[IV].jpg
196	https://github.com/n1kg0r/ds-project-dhdk/Canvas_279	https://dl.ficlit.unibo.it/iiif/2/28429/canvas/p8	c3v
197	https://github.com/n1kg0r/ds-project-dhdk/Canvas_279	https://dl.ficlit.unibo.it/iiif/2/19428/canvas/p8	c3v
198	https://github.com/n1kg0r/ds-project-dhdk/Canvas_374	https://dl.ficlit.unibo.it/iiif/2/28429/canvas/p103	BO0451_CAM6537_0103_p.41.jpg
199	https://github.com/n1kg0r/ds-project-dhdk/Canvas_418	https://dl.ficlit.unibo.it/iiif/2/28429/canvas/p147	BO0451_CAM6537_0147_tavola recto.jpg
200	https://github.com/n1kg0r/ds-project-dhdk/Canvas_488	https://dl.ficlit.unibo.it/iiif/2/28429/canvas/p217	BO0451_CAM6537_0217_p.[121].jpg
201	https://github.com/n1kg0r/ds-project-dhdk/Canvas_282	https://dl.ficlit.unibo.it/iiif/2/28429/canvas/p11	BO0451_CAM6537_0011_p.VII.jpg
202	https://github.com/n1kg0r/ds-project-dhdk/Canvas_282	https://dl.ficlit.unibo.it/iiif/2/19428/canvas/p11	BO0451_CAM6537_0011_p.VII.jpg
203	https://github.com/n1kg0r/ds-project-dhdk/Canvas_282	https://dl.ficlit.unibo.it/iiif/2/28429/canvas/p11	c5r
204	https://github.com/n1kg0r/ds-project-dhdk/Canvas_282	https://dl.ficlit.unibo.it/iiif/2/19428/canvas/p11	c5r
205	https://github.com/n1kg0r/ds-project-dhdk/Canvas_453	https://dl.ficlit.unibo.it/iiif/2/28429/canvas/p182	BO0451_CAM6537_0182_p.94.jpg
206	https://github.com/n1kg0r/ds-project-dhdk/Canvas_378	https://dl.ficlit.unibo.it/iiif/2/28429/canvas/p107	BO0451_CAM6537_0107_np.jpg
207	https://github.com/n1kg0r/ds-project-dhdk/Canvas_464	https://dl.ficlit.unibo.it/iiif/2/28429/canvas/p193	BO0451_CAM6537_0193_p.101.jpg
208	https://github.com/n1kg0r/ds-project-dhdk/Canvas_334	https://dl.ficlit.unibo.it/iiif/2/28429/canvas/p63	BO0451_CAM6537_0063_p.9.jpg
209	https://github.com/n1kg0r/ds-project-dhdk/Canvas_486	https://dl.ficlit.unibo.it/iiif/2/28429/canvas/p215	BO0451_CAM6537_0215_p.119.jpg
210	https://github.com/n1kg0r/ds-project-dhdk/Canvas_404	https://dl.ficlit.unibo.it/iiif/2/28429/canvas/p133	BO0451_CAM6537_0133_p.57.jpg
211	https://github.com/n1kg0r/ds-project-dhdk/Canvas_348	https://dl.ficlit.unibo.it/iiif/2/28429/canvas/p77	BO0451_CAM6537_0077_p.19.jpg
212	https://github.com/n1kg0r/ds-project-dhdk/Canvas_284	https://dl.ficlit.unibo.it/iiif/2/28429/canvas/p13	BO0451_CAM6537_0013_p.IX.jpg
213	https://github.com/n1kg0r/ds-project-dhdk/Canvas_284	https://dl.ficlit.unibo.it/iiif/2/19428/canvas/p13	BO0451_CAM6537_0013_p.IX.jpg
214	https://github.com/n1kg0r/ds-project-dhdk/Canvas_284	https://dl.ficlit.unibo.it/iiif/2/28429/canvas/p13	r
215	https://github.com/n1kg0r/ds-project-dhdk/Canvas_284	https://dl.ficlit.unibo.it/iiif/2/19428/canvas/p13	r
216	https://github.com/n1kg0r/ds-project-dhdk/Canvas_321	https://dl.ficlit.unibo.it/iiif/2/28429/canvas/p50	BO0451_CAM6537_0050_p.[XLII].jpg
217	https://github.com/n1kg0r/ds-project-dhdk/Canvas_503	https://dl.ficlit.unibo.it/iiif/2/28429/canvas/p232	BO0451_CAM6537_0232_foglio di guardia.jpg
218	https://github.com/n1kg0r/ds-project-dhdk/Canvas_371	https://dl.ficlit.unibo.it/iiif/2/28429/canvas/p100	BO0451_CAM6537_0100_p.38.jpg
219	https://github.com/n1kg0r/ds-project-dhdk/Canvas_456	https://dl.ficlit.unibo.it/iiif/2/28429/canvas/p185	BO0451_CAM6537_0185_p.97.jpg
220	https://github.com/n1kg0r/ds-project-dhdk/Canvas_422	https://dl.ficlit.unibo.it/iiif/2/28429/canvas/p151	BO0451_CAM6537_0151_p.71.jpg
221	https://github.com/n1kg0r/ds-project-dhdk/Canvas_293	https://dl.ficlit.unibo.it/iiif/2/28429/canvas/p22	BO0451_CAM6537_0022_p.XVIII.jpg
222	https://github.com/n1kg0r/ds-project-dhdk/Canvas_293	https://dl.ficlit.unibo.it/iiif/2/19425/canvas/p6	BO0451_CAM6537_0022_p.XVIII.jpg
223	https://github.com/n1kg0r/ds-project-dhdk/Canvas_293	https://dl.ficlit.unibo.it/iiif/2/28429/canvas/p22	c2v
224	https://github.com/n1kg0r/ds-project-dhdk/Canvas_293	https://dl.ficlit.unibo.it/iiif/2/19425/canvas/p6	c2v
225	https://github.com/n1kg0r/ds-project-dhdk/Canvas_335	https://dl.ficlit.unibo.it/iiif/2/28429/canvas/p64	BO0451_CAM6537_0064_p.10.jpg
226	https://github.com/n1kg0r/ds-project-dhdk/Canvas_397	https://dl.ficlit.unibo.it/iiif/2/28429/canvas/p126	BO0451_CAM6537_0126_p.54.jpg
227	https://github.com/n1kg0r/ds-project-dhdk/Canvas_396	https://dl.ficlit.unibo.it/iiif/2/28429/canvas/p125	BO0451_CAM6537_0125_p.53.jpg
228	https://github.com/n1kg0r/ds-project-dhdk/Canvas_342	https://dl.ficlit.unibo.it/iiif/2/28429/canvas/p71	BO0451_CAM6537_0071_p.13.jpg
229	https://github.com/n1kg0r/ds-project-dhdk/Canvas_417	https://dl.ficlit.unibo.it/iiif/2/28429/canvas/p146	BO0451_CAM6537_0146_np.jpg
230	https://github.com/n1kg0r/ds-project-dhdk/Canvas_445	https://dl.ficlit.unibo.it/iiif/2/28429/canvas/p174	BO0451_CAM6537_0174_p.86.jpg
231	https://github.com/n1kg0r/ds-project-dhdk/Canvas_394	https://dl.ficlit.unibo.it/iiif/2/28429/canvas/p123	BO0451_CAM6537_0123_p.51.jpg
232	https://github.com/n1kg0r/ds-project-dhdk/Canvas_502	https://dl.ficlit.unibo.it/iiif/2/28429/canvas/p231	BO0451_CAM6537_0231_foglio di guardia.jpg
233	https://github.com/n1kg0r/ds-project-dhdk/Canvas_395	https://dl.ficlit.unibo.it/iiif/2/28429/canvas/p124	BO0451_CAM6537_0124_p.52.jpg
234	https://github.com/n1kg0r/ds-project-dhdk/Canvas_467	https://dl.ficlit.unibo.it/iiif/2/28429/canvas/p196	BO0451_CAM6537_0196_p.104.jpg
235	https://github.com/n1kg0r/ds-project-dhdk/Canvas_331	https://dl.ficlit.unibo.it/iiif/2/28429/canvas/p60	BO0451_CAM6537_0060_p.6.jpg
236	https://github.com/n1kg0r/ds-project-dhdk/Canvas_357	https://dl.ficlit.unibo.it/iiif/2/28429/canvas/p86	BO0451_CAM6537_0086_p.24.jpg
237	https://github.com/n1kg0r/ds-project-dhdk/Canvas_346	https://dl.ficlit.unibo.it/iiif/2/28429/canvas/p75	BO0451_CAM6537_0075_p.17.jpg
238	https://github.com/n1kg0r/ds-project-dhdk/Canvas_365	https://dl.ficlit.unibo.it/iiif/2/28429/canvas/p94	BO0451_CAM6537_0094_p.32.jpg
239	https://github.com/n1kg0r/ds-project-dhdk/Canvas_494	https://dl.ficlit.unibo.it/iiif/2/28429/canvas/p223	BO0451_CAM6537_0223_p.127.jpg
240	https://github.com/n1kg0r/ds-project-dhdk/Canvas_307	https://dl.ficlit.unibo.it/iiif/2/28429/canvas/p36	BO0451_CAM6537_0036_np.jpg
241	https://github.com/n1kg0r/ds-project-dhdk/Canvas_415	https://dl.ficlit.unibo.it/iiif/2/28429/canvas/p144	BO0451_CAM6537_0144_p.68.jpg
242	https://github.com/n1kg0r/ds-project-dhdk/Canvas_372	https://dl.ficlit.unibo.it/iiif/2/28429/canvas/p101	BO0451_CAM6537_0101_p.39.jpg
243	https://github.com/n1kg0r/ds-project-dhdk/Canvas_298	https://dl.ficlit.unibo.it/iiif/2/28429/canvas/p27	BO0451_CAM6537_0027_p.XXIII.jpg
244	https://github.com/n1kg0r/ds-project-dhdk/Canvas_298	https://dl.ficlit.unibo.it/iiif/2/19425/canvas/p11	BO0451_CAM6537_0027_p.XXIII.jpg
245	https://github.com/n1kg0r/ds-project-dhdk/Canvas_298	https://dl.ficlit.unibo.it/iiif/2/28429/canvas/p27	c5r
246	https://github.com/n1kg0r/ds-project-dhdk/Canvas_298	https://dl.ficlit.unibo.it/iiif/2/19425/canvas/p11	c5r
247	https://github.com/n1kg0r/ds-project-dhdk/Canvas_376	https://dl.ficlit.unibo.it/iiif/2/28429/canvas/p105	BO0451_CAM6537_0105_p.43.jpg
248	https://github.com/n1kg0r/ds-project-dhdk/Canvas_288	https://dl.ficlit.unibo.it/iiif/2/28429/canvas/p17	BO0451_CAM6537_0017_p.XIII.jpg
249	https://github.com/n1kg0r/ds-project-dhdk/Canvas_288	https://dl.ficlit.unibo.it/iiif/2/19425/canvas/p1	BO0451_CAM6537_0017_p.XIII.jpg
250	https://github.com/n1kg0r/ds-project-dhdk/Canvas_288	https://dl.ficlit.unibo.it/iiif/2/28429/canvas/p17	r
251	https://github.com/n1kg0r/ds-project-dhdk/Canvas_288	https://dl.ficlit.unibo.it/iiif/2/19425/canvas/p1	r
252	https://github.com/n1kg0r/ds-project-dhdk/Canvas_441	https://dl.ficlit.unibo.it/iiif/2/28429/canvas/p170	BO0451_CAM6537_0170_tavola verso.jpg
253	https://github.com/n1kg0r/ds-project-dhdk/Canvas_487	https://dl.ficlit.unibo.it/iiif/2/28429/canvas/p216	BO0451_CAM6537_0216_p.120.jpg
254	https://github.com/n1kg0r/ds-project-dhdk/Canvas_406	https://dl.ficlit.unibo.it/iiif/2/28429/canvas/p135	BO0451_CAM6537_0135_p.59.jpg
255	https://github.com/n1kg0r/ds-project-dhdk/Canvas_449	https://dl.ficlit.unibo.it/iiif/2/28429/canvas/p178	BO0451_CAM6537_0178_p.90.jpg
256	https://github.com/n1kg0r/ds-project-dhdk/Canvas_382	https://dl.ficlit.unibo.it/iiif/2/28429/canvas/p111	BO0451_CAM6537_0111_p.45.jpg
257	https://github.com/n1kg0r/ds-project-dhdk/Canvas_297	https://dl.ficlit.unibo.it/iiif/2/28429/canvas/p26	BO0451_CAM6537_0026_p.XXII.jpg
258	https://github.com/n1kg0r/ds-project-dhdk/Canvas_297	https://dl.ficlit.unibo.it/iiif/2/19425/canvas/p10	BO0451_CAM6537_0026_p.XXII.jpg
259	https://github.com/n1kg0r/ds-project-dhdk/Canvas_297	https://dl.ficlit.unibo.it/iiif/2/28429/canvas/p26	c4v
260	https://github.com/n1kg0r/ds-project-dhdk/Canvas_297	https://dl.ficlit.unibo.it/iiif/2/19425/canvas/p10	c4v
261	https://github.com/n1kg0r/ds-project-dhdk/Canvas_410	https://dl.ficlit.unibo.it/iiif/2/28429/canvas/p139	BO0451_CAM6537_0139_p.63.jpg
262	https://github.com/n1kg0r/ds-project-dhdk/Canvas_424	https://dl.ficlit.unibo.it/iiif/2/28429/canvas/p153	BO0451_CAM6537_0153_p.73.jpg
263	https://github.com/n1kg0r/ds-project-dhdk/Canvas_498	https://dl.ficlit.unibo.it/iiif/2/28429/canvas/p227	BO0451_CAM6537_0227_foglio di guardia.jpg
264	https://github.com/n1kg0r/ds-project-dhdk/Canvas_508	https://dl.ficlit.unibo.it/iiif/2/28429/canvas/p237	BO0451_CAM6537_0237_taglio concavo.jpg
265	https://github.com/n1kg0r/ds-project-dhdk/Canvas_489	https://dl.ficlit.unibo.it/iiif/2/28429/canvas/p218	BO0451_CAM6537_0218_p.[122].jpg
266	https://github.com/n1kg0r/ds-project-dhdk/Canvas_386	https://dl.ficlit.unibo.it/iiif/2/28429/canvas/p115	BO0451_CAM6537_0115_np.jpg
267	https://github.com/n1kg0r/ds-project-dhdk/Canvas_483	https://dl.ficlit.unibo.it/iiif/2/28429/canvas/p212	BO0451_CAM6537_0212_p.116.jpg
268	https://github.com/n1kg0r/ds-project-dhdk/Canvas_492	https://dl.ficlit.unibo.it/iiif/2/28429/canvas/p221	BO0451_CAM6537_0221_p.125.jpg
269	https://github.com/n1kg0r/ds-project-dhdk/Canvas_320	https://dl.ficlit.unibo.it/iiif/2/28429/canvas/p49	BO0451_CAM6537_0049_p.XLI.jpg
270	https://github.com/n1kg0r/ds-project-dhdk/Canvas_300	https://dl.ficlit.unibo.it/iiif/2/28429/canvas/p29	BO0451_CAM6537_0029_p.XXV.jpg
271	https://github.com/n1kg0r/ds-project-dhdk/Canvas_300	https://dl.ficlit.unibo.it/iiif/2/19425/canvas/p13	BO0451_CAM6537_0029_p.XXV.jpg
272	https://github.com/n1kg0r/ds-project-dhdk/Canvas_300	https://dl.ficlit.unibo.it/iiif/2/28429/canvas/p29	r
273	https://github.com/n1kg0r/ds-project-dhdk/Canvas_300	https://dl.ficlit.unibo.it/iiif/2/19425/canvas/p13	r
274	https://github.com/n1kg0r/ds-project-dhdk/Canvas_442	https://dl.ficlit.unibo.it/iiif/2/28429/canvas/p171	BO0451_CAM6537_0171_p.83.jpg
275	https://github.com/n1kg0r/ds-project-dhdk/Canvas_399	https://dl.ficlit.unibo.it/iiif/2/28429/canvas/p128	BO0451_CAM6537_0128_p.56.jpg
276	https://github.com/n1kg0r/ds-project-dhdk/Canvas_393	https://dl.ficlit.unibo.it/iiif/2/28429/canvas/p122	BO0451_CAM6537_0122_p.50.jpg
277	https://github.com/n1kg0r/ds-project-dhdk/Canvas_379	https://dl.ficlit.unibo.it/iiif/2/28429/canvas/p108	BO0451_CAM6537_0108_np.jpg
278	https://github.com/n1kg0r/ds-project-dhdk/Canvas_317	https://dl.ficlit.unibo.it/iiif/2/28429/canvas/p46	BO0451_CAM6537_0046_p.XXXVIII.jpg
279	https://github.com/n1kg0r/ds-project-dhdk/Canvas_435	https://dl.ficlit.unibo.it/iiif/2/28429/canvas/p164	BO0451_CAM6537_0164_p.80.jpg
280	https://github.com/n1kg0r/ds-project-dhdk/Canvas_330	https://dl.ficlit.unibo.it/iiif/2/28429/canvas/p59	BO0451_CAM6537_0059_p.5.jpg
281	https://github.com/n1kg0r/ds-project-dhdk/Canvas_388	https://dl.ficlit.unibo.it/iiif/2/28429/canvas/p117	BO0451_CAM6537_0117_tavola recto.jpg
282	https://github.com/n1kg0r/ds-project-dhdk/Canvas_482	https://dl.ficlit.unibo.it/iiif/2/28429/canvas/p211	BO0451_CAM6537_0211_p.115.jpg
283	https://github.com/n1kg0r/ds-project-dhdk/Canvas_370	https://dl.ficlit.unibo.it/iiif/2/28429/canvas/p99	BO0451_CAM6537_0099_p.37.jpg
284	https://github.com/n1kg0r/ds-project-dhdk/Canvas_409	https://dl.ficlit.unibo.it/iiif/2/28429/canvas/p138	BO0451_CAM6537_0138_p.62.jpg
285	https://github.com/n1kg0r/ds-project-dhdk/Canvas_490	https://dl.ficlit.unibo.it/iiif/2/28429/canvas/p219	BO0451_CAM6537_0219_p.123.jpg
286	https://github.com/n1kg0r/ds-project-dhdk/Canvas_444	https://dl.ficlit.unibo.it/iiif/2/28429/canvas/p173	BO0451_CAM6537_0173_p.85.jpg
287	https://github.com/n1kg0r/ds-project-dhdk/Canvas_505	https://dl.ficlit.unibo.it/iiif/2/28429/canvas/p234	BO0451_CAM6537_0234_piatto posteriore.jpg
288	https://github.com/n1kg0r/ds-project-dhdk/Canvas_347	https://dl.ficlit.unibo.it/iiif/2/28429/canvas/p76	BO0451_CAM6537_0076_p.18.jpg
289	https://github.com/n1kg0r/ds-project-dhdk/Canvas_354	https://dl.ficlit.unibo.it/iiif/2/28429/canvas/p83	BO0451_CAM6537_0083_tavola recto.jpg
290	https://github.com/n1kg0r/ds-project-dhdk/Canvas_428	https://dl.ficlit.unibo.it/iiif/2/28429/canvas/p157	BO0451_CAM6537_0157_np.jpg
291	https://github.com/n1kg0r/ds-project-dhdk/Canvas_429	https://dl.ficlit.unibo.it/iiif/2/28429/canvas/p158	BO0451_CAM6537_0158_np.jpg
292	https://github.com/n1kg0r/ds-project-dhdk/Canvas_412	https://dl.ficlit.unibo.it/iiif/2/28429/canvas/p141	BO0451_CAM6537_0141_p.65.jpg
293	https://github.com/n1kg0r/ds-project-dhdk/Canvas_306	https://dl.ficlit.unibo.it/iiif/2/28429/canvas/p35	BO0451_CAM6537_0035_np.jpg
294	https://github.com/n1kg0r/ds-project-dhdk/Canvas_439	https://dl.ficlit.unibo.it/iiif/2/28429/canvas/p168	BO0451_CAM6537_0168_np.jpg
295	https://github.com/n1kg0r/ds-project-dhdk/Canvas_285	https://dl.ficlit.unibo.it/iiif/2/28429/canvas/p14	BO0451_CAM6537_0014_p.X.jpg
296	https://github.com/n1kg0r/ds-project-dhdk/Canvas_285	https://dl.ficlit.unibo.it/iiif/2/19428/canvas/p14	BO0451_CAM6537_0014_p.X.jpg
297	https://github.com/n1kg0r/ds-project-dhdk/Canvas_285	https://dl.ficlit.unibo.it/iiif/2/28429/canvas/p14	v
298	https://github.com/n1kg0r/ds-project-dhdk/Canvas_285	https://dl.ficlit.unibo.it/iiif/2/19428/canvas/p14	v
299	https://github.com/n1kg0r/ds-project-dhdk/Canvas_345	https://dl.ficlit.unibo.it/iiif/2/28429/canvas/p74	BO0451_CAM6537_0074_p.16.jpg
300	https://github.com/n1kg0r/ds-project-dhdk/Canvas_420	https://dl.ficlit.unibo.it/iiif/2/28429/canvas/p149	BO0451_CAM6537_0149_p.69.jpg
301	https://github.com/n1kg0r/ds-project-dhdk/Canvas_341	https://dl.ficlit.unibo.it/iiif/2/28429/canvas/p70	BO0451_CAM6537_0070_p.12.jpg
302	https://github.com/n1kg0r/ds-project-dhdk/Canvas_275	https://dl.ficlit.unibo.it/iiif/2/28429/canvas/p4	BO0451_CAM6537_0004_foglio di guardia.jpg
303	https://github.com/n1kg0r/ds-project-dhdk/Canvas_275	https://dl.ficlit.unibo.it/iiif/2/19428/canvas/p4	BO0451_CAM6537_0004_foglio di guardia.jpg
304	https://github.com/n1kg0r/ds-project-dhdk/Canvas_275	https://dl.ficlit.unibo.it/iiif/2/28429/canvas/p4	c1v
305	https://github.com/n1kg0r/ds-project-dhdk/Canvas_275	https://dl.ficlit.unibo.it/iiif/2/19428/canvas/p4	c1v
306	https://github.com/n1kg0r/ds-project-dhdk/Canvas_380	https://dl.ficlit.unibo.it/iiif/2/28429/canvas/p109	BO0451_CAM6537_0109_tavola recto.jpg
307	https://github.com/n1kg0r/ds-project-dhdk/Canvas_509	https://dl.ficlit.unibo.it/iiif/2/28429/canvas/p238	BO0451_CAM6537_0238_taglio superiore.jpg
308	https://github.com/n1kg0r/ds-project-dhdk/Canvas_359	https://dl.ficlit.unibo.it/iiif/2/28429/canvas/p88	BO0451_CAM6537_0088_p.26.jpg
309	https://github.com/n1kg0r/ds-project-dhdk/Canvas_496	https://dl.ficlit.unibo.it/iiif/2/28429/canvas/p225	BO0451_CAM6537_0225_p.[129].jpg
310	https://github.com/n1kg0r/ds-project-dhdk/Canvas_384	https://dl.ficlit.unibo.it/iiif/2/28429/canvas/p113	BO0451_CAM6537_0113_p.47.jpg
311	https://github.com/n1kg0r/ds-project-dhdk/Canvas_273	https://dl.ficlit.unibo.it/iiif/2/28429/canvas/p2	BO0451_CAM6537_0002_contropiatto anteriore.jpg
312	https://github.com/n1kg0r/ds-project-dhdk/Canvas_273	https://dl.ficlit.unibo.it/iiif/2/19428/canvas/p2	BO0451_CAM6537_0002_contropiatto anteriore.jpg
313	https://github.com/n1kg0r/ds-project-dhdk/Canvas_273	https://dl.ficlit.unibo.it/iiif/2/28429/canvas/p2	v
314	https://github.com/n1kg0r/ds-project-dhdk/Canvas_273	https://dl.ficlit.unibo.it/iiif/2/19428/canvas/p2	v
315	https://github.com/n1kg0r/ds-project-dhdk/Canvas_332	https://dl.ficlit.unibo.it/iiif/2/28429/canvas/p61	BO0451_CAM6537_0061_p.7.jpg
316	https://github.com/n1kg0r/ds-project-dhdk/Canvas_476	https://dl.ficlit.unibo.it/iiif/2/28429/canvas/p205	BO0451_CAM6537_0205_p.113.jpg
317	https://github.com/n1kg0r/ds-project-dhdk/Canvas_326	https://dl.ficlit.unibo.it/iiif/2/28429/canvas/p55	BO0451_CAM6537_0055_p.1.jpg
318	https://github.com/n1kg0r/ds-project-dhdk/Canvas_431	https://dl.ficlit.unibo.it/iiif/2/28429/canvas/p160	BO0451_CAM6537_0160_tavola verso.jpg
319	https://github.com/n1kg0r/ds-project-dhdk/Canvas_318	https://dl.ficlit.unibo.it/iiif/2/28429/canvas/p47	BO0451_CAM6537_0047_p.XXXIX.jpg
320	https://github.com/n1kg0r/ds-project-dhdk/Canvas_369	https://dl.ficlit.unibo.it/iiif/2/28429/canvas/p98	BO0451_CAM6537_0098_p.36.jpg
321	https://github.com/n1kg0r/ds-project-dhdk/Canvas_434	https://dl.ficlit.unibo.it/iiif/2/28429/canvas/p163	BO0451_CAM6537_0163_p.79.jpg
322	https://github.com/n1kg0r/ds-project-dhdk/Canvas_457	https://dl.ficlit.unibo.it/iiif/2/28429/canvas/p186	BO0451_CAM6537_0186_p.98.jpg
323	https://github.com/n1kg0r/ds-project-dhdk/Canvas_323	https://dl.ficlit.unibo.it/iiif/2/28429/canvas/p52	BO0451_CAM6537_0052_np.jpg
324	https://github.com/n1kg0r/ds-project-dhdk/Canvas_362	https://dl.ficlit.unibo.it/iiif/2/28429/canvas/p91	BO0451_CAM6537_0091_p.29.jpg
325	https://github.com/n1kg0r/ds-project-dhdk/Canvas_421	https://dl.ficlit.unibo.it/iiif/2/28429/canvas/p150	BO0451_CAM6537_0150_p.70.jpg
326	https://github.com/n1kg0r/ds-project-dhdk/Canvas_327	https://dl.ficlit.unibo.it/iiif/2/28429/canvas/p56	BO0451_CAM6537_0056_p.2.jpg
327	https://github.com/n1kg0r/ds-project-dhdk/Canvas_398	https://dl.ficlit.unibo.it/iiif/2/28429/canvas/p127	BO0451_CAM6537_0127_p.55.jpg
328	https://github.com/n1kg0r/ds-project-dhdk/Canvas_355	https://dl.ficlit.unibo.it/iiif/2/28429/canvas/p84	BO0451_CAM6537_0084_tavola verso.jpg
329	https://github.com/n1kg0r/ds-project-dhdk/Canvas_477	https://dl.ficlit.unibo.it/iiif/2/28429/canvas/p206	BO0451_CAM6537_0206_p.114.jpg
330	https://github.com/n1kg0r/ds-project-dhdk/Canvas_349	https://dl.ficlit.unibo.it/iiif/2/28429/canvas/p78	BO0451_CAM6537_0078_p.20.jpg
331	https://github.com/n1kg0r/ds-project-dhdk/Canvas_319	https://dl.ficlit.unibo.it/iiif/2/28429/canvas/p48	BO0451_CAM6537_0048_p.XL.jpg
332	https://github.com/n1kg0r/ds-project-dhdk/Canvas_471	https://dl.ficlit.unibo.it/iiif/2/28429/canvas/p200	BO0451_CAM6537_0200_p.108.jpg
333	https://github.com/n1kg0r/ds-project-dhdk/Canvas_436	https://dl.ficlit.unibo.it/iiif/2/28429/canvas/p165	BO0451_CAM6537_0165_p.81.jpg
334	https://github.com/n1kg0r/ds-project-dhdk/Canvas_283	https://dl.ficlit.unibo.it/iiif/2/28429/canvas/p12	BO0451_CAM6537_0012_p.VIII.jpg
335	https://github.com/n1kg0r/ds-project-dhdk/Canvas_283	https://dl.ficlit.unibo.it/iiif/2/19428/canvas/p12	BO0451_CAM6537_0012_p.VIII.jpg
336	https://github.com/n1kg0r/ds-project-dhdk/Canvas_283	https://dl.ficlit.unibo.it/iiif/2/28429/canvas/p12	c5v
337	https://github.com/n1kg0r/ds-project-dhdk/Canvas_283	https://dl.ficlit.unibo.it/iiif/2/19428/canvas/p12	c5v
338	https://github.com/n1kg0r/ds-project-dhdk/Canvas_466	https://dl.ficlit.unibo.it/iiif/2/28429/canvas/p195	BO0451_CAM6537_0195_p.103.jpg
339	https://github.com/n1kg0r/ds-project-dhdk/Canvas_289	https://dl.ficlit.unibo.it/iiif/2/28429/canvas/p18	BO0451_CAM6537_0018_p.XIV.jpg
340	https://github.com/n1kg0r/ds-project-dhdk/Canvas_289	https://dl.ficlit.unibo.it/iiif/2/19425/canvas/p2	BO0451_CAM6537_0018_p.XIV.jpg
341	https://github.com/n1kg0r/ds-project-dhdk/Canvas_289	https://dl.ficlit.unibo.it/iiif/2/28429/canvas/p18	v
342	https://github.com/n1kg0r/ds-project-dhdk/Canvas_289	https://dl.ficlit.unibo.it/iiif/2/19425/canvas/p2	v
343	https://github.com/n1kg0r/ds-project-dhdk/Canvas_352	https://dl.ficlit.unibo.it/iiif/2/28429/canvas/p81	BO0451_CAM6537_0081_np.jpg
344	https://github.com/n1kg0r/ds-project-dhdk/Canvas_325	https://dl.ficlit.unibo.it/iiif/2/28429/canvas/p54	BO0451_CAM6537_0054_tavola verso.jpg
345	https://github.com/n1kg0r/ds-project-dhdk/Canvas_343	https://dl.ficlit.unibo.it/iiif/2/28429/canvas/p72	BO0451_CAM6537_0072_p.14.jpg
346	https://github.com/n1kg0r/ds-project-dhdk/Canvas_468	https://dl.ficlit.unibo.it/iiif/2/28429/canvas/p197	BO0451_CAM6537_0197_p.105.jpg
347	https://github.com/n1kg0r/ds-project-dhdk/Canvas_290	https://dl.ficlit.unibo.it/iiif/2/28429/canvas/p19	BO0451_CAM6537_0019_p.XV.jpg
348	https://github.com/n1kg0r/ds-project-dhdk/Canvas_290	https://dl.ficlit.unibo.it/iiif/2/19425/canvas/p3	BO0451_CAM6537_0019_p.XV.jpg
349	https://github.com/n1kg0r/ds-project-dhdk/Canvas_290	https://dl.ficlit.unibo.it/iiif/2/28429/canvas/p19	c1r
350	https://github.com/n1kg0r/ds-project-dhdk/Canvas_290	https://dl.ficlit.unibo.it/iiif/2/19425/canvas/p3	c1r
351	https://github.com/n1kg0r/ds-project-dhdk/Canvas_280	https://dl.ficlit.unibo.it/iiif/2/28429/canvas/p9	BO0451_CAM6537_0009_p.[V].jpg
352	https://github.com/n1kg0r/ds-project-dhdk/Canvas_280	https://dl.ficlit.unibo.it/iiif/2/19428/canvas/p9	BO0451_CAM6537_0009_p.[V].jpg
353	https://github.com/n1kg0r/ds-project-dhdk/Canvas_280	https://dl.ficlit.unibo.it/iiif/2/28429/canvas/p9	c4r
354	https://github.com/n1kg0r/ds-project-dhdk/Canvas_280	https://dl.ficlit.unibo.it/iiif/2/19428/canvas/p9	c4r
355	https://github.com/n1kg0r/ds-project-dhdk/Canvas_504	https://dl.ficlit.unibo.it/iiif/2/28429/canvas/p233	BO0451_CAM6537_0233_contropiatto posteriore.jpg
356	https://github.com/n1kg0r/ds-project-dhdk/Canvas_299	https://dl.ficlit.unibo.it/iiif/2/28429/canvas/p28	BO0451_CAM6537_0028_p.XXIV.jpg
357	https://github.com/n1kg0r/ds-project-dhdk/Canvas_299	https://dl.ficlit.unibo.it/iiif/2/19425/canvas/p12	BO0451_CAM6537_0028_p.XXIV.jpg
358	https://github.com/n1kg0r/ds-project-dhdk/Canvas_299	https://dl.ficlit.unibo.it/iiif/2/28429/canvas/p28	c5v
359	https://github.com/n1kg0r/ds-project-dhdk/Canvas_299	https://dl.ficlit.unibo.it/iiif/2/19425/canvas/p12	c5v
360	https://github.com/n1kg0r/ds-project-dhdk/Canvas_484	https://dl.ficlit.unibo.it/iiif/2/28429/canvas/p213	BO0451_CAM6537_0213_p.117.jpg
361	https://github.com/n1kg0r/ds-project-dhdk/Canvas_462	https://dl.ficlit.unibo.it/iiif/2/28429/canvas/p191	BO0451_CAM6537_0191_p.99.jpg
362	https://github.com/n1kg0r/ds-project-dhdk/Canvas_501	https://dl.ficlit.unibo.it/iiif/2/28429/canvas/p230	BO0451_CAM6537_0230_foglio di guardia.jpg
363	https://github.com/n1kg0r/ds-project-dhdk/Canvas_432	https://dl.ficlit.unibo.it/iiif/2/28429/canvas/p161	BO0451_CAM6537_0161_p.77.jpg
364	https://github.com/n1kg0r/ds-project-dhdk/Canvas_390	https://dl.ficlit.unibo.it/iiif/2/28429/canvas/p119	BO0451_CAM6537_0119_np.jpg
365	https://github.com/n1kg0r/ds-project-dhdk/Canvas_458	https://dl.ficlit.unibo.it/iiif/2/28429/canvas/p187	BO0451_CAM6537_0187_np.jpg
366	https://github.com/n1kg0r/ds-project-dhdk/Canvas_485	https://dl.ficlit.unibo.it/iiif/2/28429/canvas/p214	BO0451_CAM6537_0214_p.118.jpg
367	https://github.com/n1kg0r/ds-project-dhdk/Canvas_277	https://dl.ficlit.unibo.it/iiif/2/28429/canvas/p6	BO0451_CAM6537_0006_foglio di guardia.jpg
368	https://github.com/n1kg0r/ds-project-dhdk/Canvas_277	https://dl.ficlit.unibo.it/iiif/2/19428/canvas/p6	BO0451_CAM6537_0006_foglio di guardia.jpg
369	https://github.com/n1kg0r/ds-project-dhdk/Canvas_277	https://dl.ficlit.unibo.it/iiif/2/28429/canvas/p6	c2v
370	https://github.com/n1kg0r/ds-project-dhdk/Canvas_277	https://dl.ficlit.unibo.it/iiif/2/19428/canvas/p6	c2v
371	https://github.com/n1kg0r/ds-project-dhdk/Canvas_329	https://dl.ficlit.unibo.it/iiif/2/28429/canvas/p58	BO0451_CAM6537_0058_p.4.jpg
372	https://github.com/n1kg0r/ds-project-dhdk/Canvas_281	https://dl.ficlit.unibo.it/iiif/2/28429/canvas/p10	BO0451_CAM6537_0010_p.[VI].jpg
373	https://github.com/n1kg0r/ds-project-dhdk/Canvas_281	https://dl.ficlit.unibo.it/iiif/2/19428/canvas/p10	BO0451_CAM6537_0010_p.[VI].jpg
374	https://github.com/n1kg0r/ds-project-dhdk/Canvas_281	https://dl.ficlit.unibo.it/iiif/2/28429/canvas/p10	c4v
375	https://github.com/n1kg0r/ds-project-dhdk/Canvas_281	https://dl.ficlit.unibo.it/iiif/2/19428/canvas/p10	c4v
376	https://github.com/n1kg0r/ds-project-dhdk/Canvas_286	https://dl.ficlit.unibo.it/iiif/2/28429/canvas/p15	BO0451_CAM6537_0015_p.XI.jpg
377	https://github.com/n1kg0r/ds-project-dhdk/Canvas_286	https://dl.ficlit.unibo.it/iiif/2/19428/canvas/p15	BO0451_CAM6537_0015_p.XI.jpg
378	https://github.com/n1kg0r/ds-project-dhdk/Canvas_286	https://dl.ficlit.unibo.it/iiif/2/28429/canvas/p15	colori
379	https://github.com/n1kg0r/ds-project-dhdk/Canvas_286	https://dl.ficlit.unibo.it/iiif/2/19428/canvas/p15	colori
380	https://github.com/n1kg0r/ds-project-dhdk/Canvas_366	https://dl.ficlit.unibo.it/iiif/2/28429/canvas/p95	BO0451_CAM6537_0095_p.33.jpg
381	https://github.com/n1kg0r/ds-project-dhdk/Canvas_451	https://dl.ficlit.unibo.it/iiif/2/28429/canvas/p180	BO0451_CAM6537_0180_p.92.jpg
382	https://github.com/n1kg0r/ds-project-dhdk/Canvas_470	https://dl.ficlit.unibo.it/iiif/2/28429/canvas/p199	BO0451_CAM6537_0199_p.107.jpg
383	https://github.com/n1kg0r/ds-project-dhdk/Canvas_450	https://dl.ficlit.unibo.it/iiif/2/28429/canvas/p179	BO0451_CAM6537_0179_p.91.jpg
384	https://github.com/n1kg0r/ds-project-dhdk/Canvas_411	https://dl.ficlit.unibo.it/iiif/2/28429/canvas/p140	BO0451_CAM6537_0140_p.64.jpg
385	https://github.com/n1kg0r/ds-project-dhdk/Canvas_481	https://dl.ficlit.unibo.it/iiif/2/28429/canvas/p210	BO0451_CAM6537_0210_tavola verso.jpg
386	https://github.com/n1kg0r/ds-project-dhdk/Canvas_437	https://dl.ficlit.unibo.it/iiif/2/28429/canvas/p166	BO0451_CAM6537_0166_p.82.jpg
387	https://github.com/n1kg0r/ds-project-dhdk/Canvas_493	https://dl.ficlit.unibo.it/iiif/2/28429/canvas/p222	BO0451_CAM6537_0222_p.126.jpg
388	https://github.com/n1kg0r/ds-project-dhdk/Canvas_479	https://dl.ficlit.unibo.it/iiif/2/28429/canvas/p208	BO0451_CAM6537_0208_np.jpg
389	https://github.com/n1kg0r/ds-project-dhdk/Canvas_373	https://dl.ficlit.unibo.it/iiif/2/28429/canvas/p102	BO0451_CAM6537_0102_p.40.jpg
390	https://github.com/n1kg0r/ds-project-dhdk/Canvas_491	https://dl.ficlit.unibo.it/iiif/2/28429/canvas/p220	BO0451_CAM6537_0220_p.124.jpg
391	https://github.com/n1kg0r/ds-project-dhdk/Canvas_309	https://dl.ficlit.unibo.it/iiif/2/28429/canvas/p38	BO0451_CAM6537_0038_tavola verso.jpg
392	https://github.com/n1kg0r/ds-project-dhdk/Canvas_507	https://dl.ficlit.unibo.it/iiif/2/28429/canvas/p236	BO0451_CAM6537_0236_taglio inferiore.jpg
393	https://github.com/n1kg0r/ds-project-dhdk/Canvas_407	https://dl.ficlit.unibo.it/iiif/2/28429/canvas/p136	BO0451_CAM6537_0136_p.60.jpg
394	https://github.com/n1kg0r/ds-project-dhdk/Canvas_408	https://dl.ficlit.unibo.it/iiif/2/28429/canvas/p137	BO0451_CAM6537_0137_p.61.jpg
395	https://github.com/n1kg0r/ds-project-dhdk/Canvas_276	https://dl.ficlit.unibo.it/iiif/2/28429/canvas/p5	BO0451_CAM6537_0005_foglio di guardia.jpg
396	https://github.com/n1kg0r/ds-project-dhdk/Canvas_276	https://dl.ficlit.unibo.it/iiif/2/19428/canvas/p5	BO0451_CAM6537_0005_foglio di guardia.jpg
397	https://github.com/n1kg0r/ds-project-dhdk/Canvas_276	https://dl.ficlit.unibo.it/iiif/2/28429/canvas/p5	c2r
398	https://github.com/n1kg0r/ds-project-dhdk/Canvas_276	https://dl.ficlit.unibo.it/iiif/2/19428/canvas/p5	c2r
