	canvas	id	label	entityId	creator	title
0	https://github.com/n1kg0r/ds-project-dhdk/Canvas_314	https://dl.ficlit.unibo.it/iiif/2/28429/canvas/p43	BO0451_CAM6537_0043_p.XXXV.jpg	entity-44		
9	https://github.com/n1kg0r/ds-project-dhdk/Canvas_387	https://dl.ficlit.unibo.it/iiif/2/28429/canvas/p116	BO0451_CAM6537_0116_tavola recto.jpg	entity-117		
18	https://github.com/n1kg0r/ds-project-dhdk/Canvas_310	https://dl.ficlit.unibo.it/iiif/2/28429/canvas/p39	BO0451_CAM6537_0039_p.XXXI.jpg	entity-40		
27	https://github.com/n1kg0r/ds-project-dhdk/Canvas_316	https://dl.ficlit.unibo.it/iiif/2/28429/canvas/p45	BO0451_CAM6537_0045_p.XXXVII.jpg	entity-46		
36	https://github.com/n1kg0r/ds-project-dhdk/Canvas_294	https://dl.ficlit.unibo.it/iiif/2/28429/canvas/p23	BO0451_CAM6537_0023_p.XIX.jpg	entity-24		
45	https://github.com/n1kg0r/ds-project-dhdk/Canvas_294	https://dl.ficlit.unibo.it/iiif/2/28429/canvas/p23	c3r	entity-24		
54	https://github.com/n1kg0r/ds-project-dhdk/Canvas_294	https://dl.ficlit.unibo.it/iiif/2/19425/canvas/p7	BO0451_CAM6537_0023_p.XIX.jpg	entity-265		
63	https://github.com/n1kg0r/ds-project-dhdk/Canvas_294	https://dl.ficlit.unibo.it/iiif/2/19425/canvas/p7	c3r	entity-265		
72	https://github.com/n1kg0r/ds-project-dhdk/Canvas_338	https://dl.ficlit.unibo.it/iiif/2/28429/canvas/p67	BO0451_CAM6537_0067_tavola recto.jpg	entity-68		
81	https://github.com/n1kg0r/ds-project-dhdk/Canvas_313	https://dl.ficlit.unibo.it/iiif/2/28429/canvas/p42	BO0451_CAM6537_0042_p.XXXIV.jpg	entity-43		
90	https://github.com/n1kg0r/ds-project-dhdk/Canvas_448	https://dl.ficlit.unibo.it/iiif/2/28429/canvas/p177	BO0451_CAM6537_0177_p.89.jpg	entity-178		
99	https://github.com/n1kg0r/ds-project-dhdk/Canvas_375	https://dl.ficlit.unibo.it/iiif/2/28429/canvas/p104	BO0451_CAM6537_0104_p.42.jpg	entity-105		
108	https://github.com/n1kg0r/ds-project-dhdk/Canvas_385	https://dl.ficlit.unibo.it/iiif/2/28429/canvas/p114	BO0451_CAM6537_0114_p.48.jpg	entity-115		
117	https://github.com/n1kg0r/ds-project-dhdk/Canvas_405	https://dl.ficlit.unibo.it/iiif/2/28429/canvas/p134	BO0451_CAM6537_0134_p.58.jpg	entity-135		
126	https://github.com/n1kg0r/ds-project-dhdk/Canvas_312	https://dl.ficlit.unibo.it/iiif/2/28429/canvas/p41	BO0451_CAM6537_0041_p.XXXIII.jpg	entity-42		
135	https://github.com/n1kg0r/ds-project-dhdk/Canvas_414	https://dl.ficlit.unibo.it/iiif/2/28429/canvas/p143	BO0451_CAM6537_0143_p.67.jpg	entity-144		
144	https://github.com/n1kg0r/ds-project-dhdk/Canvas_340	https://dl.ficlit.unibo.it/iiif/2/28429/canvas/p69	BO0451_CAM6537_0069_p.11.jpg	entity-70		
153	https://github.com/n1kg0r/ds-project-dhdk/Canvas_368	https://dl.ficlit.unibo.it/iiif/2/28429/canvas/p97	BO0451_CAM6537_0097_p.35.jpg	entity-98		
162	https://github.com/n1kg0r/ds-project-dhdk/Canvas_291	https://dl.ficlit.unibo.it/iiif/2/28429/canvas/p20	BO0451_CAM6537_0020_p.XVI.jpg	entity-21		
171	https://github.com/n1kg0r/ds-project-dhdk/Canvas_291	https://dl.ficlit.unibo.it/iiif/2/28429/canvas/p20	c1v	entity-21		
180	https://github.com/n1kg0r/ds-project-dhdk/Canvas_291	https://dl.ficlit.unibo.it/iiif/2/19425/canvas/p4	BO0451_CAM6537_0020_p.XVI.jpg	entity-262		
189	https://github.com/n1kg0r/ds-project-dhdk/Canvas_291	https://dl.ficlit.unibo.it/iiif/2/19425/canvas/p4	c1v	entity-262		
198	https://github.com/n1kg0r/ds-project-dhdk/Canvas_304	https://dl.ficlit.unibo.it/iiif/2/28429/canvas/p33	BO0451_CAM6537_0033_p.XXIX.jpg	entity-34		
207	https://github.com/n1kg0r/ds-project-dhdk/Canvas_459	https://dl.ficlit.unibo.it/iiif/2/28429/canvas/p188	BO0451_CAM6537_0188_np.jpg	entity-189		
216	https://github.com/n1kg0r/ds-project-dhdk/Canvas_423	https://dl.ficlit.unibo.it/iiif/2/28429/canvas/p152	BO0451_CAM6537_0152_p.72.jpg	entity-153		
225	https://github.com/n1kg0r/ds-project-dhdk/Canvas_344	https://dl.ficlit.unibo.it/iiif/2/28429/canvas/p73	BO0451_CAM6537_0073_p.15.jpg	entity-74		
234	https://github.com/n1kg0r/ds-project-dhdk/Canvas_446	https://dl.ficlit.unibo.it/iiif/2/28429/canvas/p175	BO0451_CAM6537_0175_p.87.jpg	entity-176		
243	https://github.com/n1kg0r/ds-project-dhdk/Canvas_303	https://dl.ficlit.unibo.it/iiif/2/28429/canvas/p32	BO0451_CAM6537_0032_p.XXVIII.jpg	entity-33		
252	https://github.com/n1kg0r/ds-project-dhdk/Canvas_303	https://dl.ficlit.unibo.it/iiif/2/28429/canvas/p32	scala	entity-33		
261	https://github.com/n1kg0r/ds-project-dhdk/Canvas_303	https://dl.ficlit.unibo.it/iiif/2/19425/canvas/p16	BO0451_CAM6537_0032_p.XXVIII.jpg	entity-274		
270	https://github.com/n1kg0r/ds-project-dhdk/Canvas_303	https://dl.ficlit.unibo.it/iiif/2/19425/canvas/p16	scala	entity-274		
279	https://github.com/n1kg0r/ds-project-dhdk/Canvas_403	https://dl.ficlit.unibo.it/iiif/2/28429/canvas/p132	BO0451_CAM6537_0132_tavola verso.jpg	entity-133		
288	https://github.com/n1kg0r/ds-project-dhdk/Canvas_452	https://dl.ficlit.unibo.it/iiif/2/28429/canvas/p181	BO0451_CAM6537_0181_p.93.jpg	entity-182		
297	https://github.com/n1kg0r/ds-project-dhdk/Canvas_287	https://dl.ficlit.unibo.it/iiif/2/28429/canvas/p16	BO0451_CAM6537_0016_p.XII.jpg	entity-17		
306	https://github.com/n1kg0r/ds-project-dhdk/Canvas_287	https://dl.ficlit.unibo.it/iiif/2/28429/canvas/p16	scala	entity-17		
315	https://github.com/n1kg0r/ds-project-dhdk/Canvas_287	https://dl.ficlit.unibo.it/iiif/2/19428/canvas/p16	BO0451_CAM6537_0016_p.XII.jpg	entity-257		
324	https://github.com/n1kg0r/ds-project-dhdk/Canvas_287	https://dl.ficlit.unibo.it/iiif/2/19428/canvas/p16	scala	entity-257		
333	https://github.com/n1kg0r/ds-project-dhdk/Canvas_356	https://dl.ficlit.unibo.it/iiif/2/28429/canvas/p85	BO0451_CAM6537_0085_p.23.jpg	entity-86		
342	https://github.com/n1kg0r/ds-project-dhdk/Canvas_336	https://dl.ficlit.unibo.it/iiif/2/28429/canvas/p65	BO0451_CAM6537_0065_np.jpg	entity-66		
351	https://github.com/n1kg0r/ds-project-dhdk/Canvas_315	https://dl.ficlit.unibo.it/iiif/2/28429/canvas/p44	BO0451_CAM6537_0044_p.XXXVI.jpg	entity-45		
360	https://github.com/n1kg0r/ds-project-dhdk/Canvas_460	https://dl.ficlit.unibo.it/iiif/2/28429/canvas/p189	BO0451_CAM6537_0189_tavola recto.jpg	entity-190		
369	https://github.com/n1kg0r/ds-project-dhdk/Canvas_381	https://dl.ficlit.unibo.it/iiif/2/28429/canvas/p110	BO0451_CAM6537_0110_tavola verso.jpg	entity-111		
378	https://github.com/n1kg0r/ds-project-dhdk/Canvas_391	https://dl.ficlit.unibo.it/iiif/2/28429/canvas/p120	BO0451_CAM6537_0120_tavola verso.jpg	entity-121		
387	https://github.com/n1kg0r/ds-project-dhdk/Canvas_475	https://dl.ficlit.unibo.it/iiif/2/28429/canvas/p204	BO0451_CAM6537_0204_p.112.jpg	entity-205		
396	https://github.com/n1kg0r/ds-project-dhdk/Canvas_360	https://dl.ficlit.unibo.it/iiif/2/28429/canvas/p89	BO0451_CAM6537_0089_p.27.jpg	entity-90		
405	https://github.com/n1kg0r/ds-project-dhdk/Canvas_438	https://dl.ficlit.unibo.it/iiif/2/28429/canvas/p167	BO0451_CAM6537_0167_np.jpg	entity-168		
414	https://github.com/n1kg0r/ds-project-dhdk/Canvas_478	https://dl.ficlit.unibo.it/iiif/2/28429/canvas/p207	BO0451_CAM6537_0207_np.jpg	entity-208		
423	https://github.com/n1kg0r/ds-project-dhdk/Canvas_337	https://dl.ficlit.unibo.it/iiif/2/28429/canvas/p66	BO0451_CAM6537_0066_np.jpg	entity-67		
432	https://github.com/n1kg0r/ds-project-dhdk/Canvas_351	https://dl.ficlit.unibo.it/iiif/2/28429/canvas/p80	BO0451_CAM6537_0080_p.22.jpg	entity-81		
441	https://github.com/n1kg0r/ds-project-dhdk/Canvas_383	https://dl.ficlit.unibo.it/iiif/2/28429/canvas/p112	BO0451_CAM6537_0112_p.46.jpg	entity-113		
450	https://github.com/n1kg0r/ds-project-dhdk/Canvas_358	https://dl.ficlit.unibo.it/iiif/2/28429/canvas/p87	BO0451_CAM6537_0087_p.25.jpg	entity-88		
459	https://github.com/n1kg0r/ds-project-dhdk/Canvas_472	https://dl.ficlit.unibo.it/iiif/2/28429/canvas/p201	BO0451_CAM6537_0201_p.109.jpg	entity-202		
468	https://github.com/n1kg0r/ds-project-dhdk/Canvas_274	https://dl.ficlit.unibo.it/iiif/2/28429/canvas/p3	BO0451_CAM6537_0003_foglio di guardia.jpg	entity-4		
477	https://github.com/n1kg0r/ds-project-dhdk/Canvas_274	https://dl.ficlit.unibo.it/iiif/2/28429/canvas/p3	c1r	entity-4		
486	https://github.com/n1kg0r/ds-project-dhdk/Canvas_274	https://dl.ficlit.unibo.it/iiif/2/19428/canvas/p3	BO0451_CAM6537_0003_foglio di guardia.jpg	entity-244		
495	https://github.com/n1kg0r/ds-project-dhdk/Canvas_274	https://dl.ficlit.unibo.it/iiif/2/19428/canvas/p3	c1r	entity-244		
504	https://github.com/n1kg0r/ds-project-dhdk/Canvas_506	https://dl.ficlit.unibo.it/iiif/2/28429/canvas/p235	BO0451_CAM6537_0235_dorso.jpg	entity-236		
513	https://github.com/n1kg0r/ds-project-dhdk/Canvas_339	https://dl.ficlit.unibo.it/iiif/2/28429/canvas/p68	BO0451_CAM6537_0068_tavola verso.jpg	entity-69		
522	https://github.com/n1kg0r/ds-project-dhdk/Canvas_392	https://dl.ficlit.unibo.it/iiif/2/28429/canvas/p121	BO0451_CAM6537_0121_p.49.jpg	entity-122		
531	https://github.com/n1kg0r/ds-project-dhdk/Canvas_296	https://dl.ficlit.unibo.it/iiif/2/28429/canvas/p25	BO0451_CAM6537_0025_p.XXI.jpg	entity-26		
540	https://github.com/n1kg0r/ds-project-dhdk/Canvas_296	https://dl.ficlit.unibo.it/iiif/2/28429/canvas/p25	c4r	entity-26		
549	https://github.com/n1kg0r/ds-project-dhdk/Canvas_296	https://dl.ficlit.unibo.it/iiif/2/19425/canvas/p9	BO0451_CAM6537_0025_p.XXI.jpg	entity-267		
558	https://github.com/n1kg0r/ds-project-dhdk/Canvas_296	https://dl.ficlit.unibo.it/iiif/2/19425/canvas/p9	c4r	entity-267		
567	https://github.com/n1kg0r/ds-project-dhdk/Canvas_301	https://dl.ficlit.unibo.it/iiif/2/28429/canvas/p30	BO0451_CAM6537_0030_p.XXVI.jpg	entity-31		
576	https://github.com/n1kg0r/ds-project-dhdk/Canvas_301	https://dl.ficlit.unibo.it/iiif/2/28429/canvas/p30	v	entity-31		
585	https://github.com/n1kg0r/ds-project-dhdk/Canvas_301	https://dl.ficlit.unibo.it/iiif/2/19425/canvas/p14	BO0451_CAM6537_0030_p.XXVI.jpg	entity-272		
594	https://github.com/n1kg0r/ds-project-dhdk/Canvas_301	https://dl.ficlit.unibo.it/iiif/2/19425/canvas/p14	v	entity-272		
603	https://github.com/n1kg0r/ds-project-dhdk/Canvas_272	https://dl.ficlit.unibo.it/iiif/2/28429/canvas/p1	BO0451_CAM6537_0001_piatto anteriore.jpg	entity-2		
612	https://github.com/n1kg0r/ds-project-dhdk/Canvas_272	https://dl.ficlit.unibo.it/iiif/2/28429/canvas/p1	r	entity-2		
621	https://github.com/n1kg0r/ds-project-dhdk/Canvas_272	https://dl.ficlit.unibo.it/iiif/2/19428/canvas/p1	BO0451_CAM6537_0001_piatto anteriore.jpg	entity-242		
630	https://github.com/n1kg0r/ds-project-dhdk/Canvas_272	https://dl.ficlit.unibo.it/iiif/2/19428/canvas/p1	r	entity-242		
639	https://github.com/n1kg0r/ds-project-dhdk/Canvas_389	https://dl.ficlit.unibo.it/iiif/2/28429/canvas/p118	BO0451_CAM6537_0118_np.jpg	entity-119		
648	https://github.com/n1kg0r/ds-project-dhdk/Canvas_427	https://dl.ficlit.unibo.it/iiif/2/28429/canvas/p156	BO0451_CAM6537_0156_p.76.jpg	entity-157		
657	https://github.com/n1kg0r/ds-project-dhdk/Canvas_463	https://dl.ficlit.unibo.it/iiif/2/28429/canvas/p192	BO0451_CAM6537_0192_p.100.jpg	entity-193		
666	https://github.com/n1kg0r/ds-project-dhdk/Canvas_425	https://dl.ficlit.unibo.it/iiif/2/28429/canvas/p154	BO0451_CAM6537_0154_p.74.jpg	entity-155		
675	https://github.com/n1kg0r/ds-project-dhdk/Canvas_497	https://dl.ficlit.unibo.it/iiif/2/28429/canvas/p226	BO0451_CAM6537_0226_p.[130].jpg	entity-227		
684	https://github.com/n1kg0r/ds-project-dhdk/Canvas_443	https://dl.ficlit.unibo.it/iiif/2/28429/canvas/p172	BO0451_CAM6537_0172_p.84.jpg	entity-173		
693	https://github.com/n1kg0r/ds-project-dhdk/Canvas_413	https://dl.ficlit.unibo.it/iiif/2/28429/canvas/p142	BO0451_CAM6537_0142_p.66.jpg	entity-143		
702	https://github.com/n1kg0r/ds-project-dhdk/Canvas_500	https://dl.ficlit.unibo.it/iiif/2/28429/canvas/p229	BO0451_CAM6537_0229_foglio di guardia.jpg	entity-230		
711	https://github.com/n1kg0r/ds-project-dhdk/Canvas_461	https://dl.ficlit.unibo.it/iiif/2/28429/canvas/p190	BO0451_CAM6537_0190_tavola verso.jpg	entity-191		
720	https://github.com/n1kg0r/ds-project-dhdk/Canvas_474	https://dl.ficlit.unibo.it/iiif/2/28429/canvas/p203	BO0451_CAM6537_0203_p.111.jpg	entity-204		
729	https://github.com/n1kg0r/ds-project-dhdk/Canvas_353	https://dl.ficlit.unibo.it/iiif/2/28429/canvas/p82	BO0451_CAM6537_0082_np.jpg	entity-83		
738	https://github.com/n1kg0r/ds-project-dhdk/Canvas_499	https://dl.ficlit.unibo.it/iiif/2/28429/canvas/p228	BO0451_CAM6537_0228_foglio di guardia.jpg	entity-229		
747	https://github.com/n1kg0r/ds-project-dhdk/Canvas_465	https://dl.ficlit.unibo.it/iiif/2/28429/canvas/p194	BO0451_CAM6537_0194_p.102.jpg	entity-195		
756	https://github.com/n1kg0r/ds-project-dhdk/Canvas_361	https://dl.ficlit.unibo.it/iiif/2/28429/canvas/p90	BO0451_CAM6537_0090_p.28.jpg	entity-91		
765	https://github.com/n1kg0r/ds-project-dhdk/Canvas_401	https://dl.ficlit.unibo.it/iiif/2/28429/canvas/p130	BO0451_CAM6537_0130_np.jpg	entity-131		
774	https://github.com/n1kg0r/ds-project-dhdk/Canvas_480	https://dl.ficlit.unibo.it/iiif/2/28429/canvas/p209	BO0451_CAM6537_0209_tavola recto.jpg	entity-210		
783	https://github.com/n1kg0r/ds-project-dhdk/Canvas_308	https://dl.ficlit.unibo.it/iiif/2/28429/canvas/p37	BO0451_CAM6537_0037_tavola recto.jpg	entity-38		
792	https://github.com/n1kg0r/ds-project-dhdk/Canvas_328	https://dl.ficlit.unibo.it/iiif/2/28429/canvas/p57	BO0451_CAM6537_0057_p.3.jpg	entity-58		
801	https://github.com/n1kg0r/ds-project-dhdk/Canvas_454	https://dl.ficlit.unibo.it/iiif/2/28429/canvas/p183	BO0451_CAM6537_0183_p.95.jpg	entity-184		
810	https://github.com/n1kg0r/ds-project-dhdk/Canvas_495	https://dl.ficlit.unibo.it/iiif/2/28429/canvas/p224	BO0451_CAM6537_0224_p.128.jpg	entity-225		
819	https://github.com/n1kg0r/ds-project-dhdk/Canvas_367	https://dl.ficlit.unibo.it/iiif/2/28429/canvas/p96	BO0451_CAM6537_0096_p.34.jpg	entity-97		
828	https://github.com/n1kg0r/ds-project-dhdk/Canvas_430	https://dl.ficlit.unibo.it/iiif/2/28429/canvas/p159	BO0451_CAM6537_0159_tavola recto.jpg	entity-160		
837	https://github.com/n1kg0r/ds-project-dhdk/Canvas_402	https://dl.ficlit.unibo.it/iiif/2/28429/canvas/p131	BO0451_CAM6537_0131_tavola recto.jpg	entity-132		
846	https://github.com/n1kg0r/ds-project-dhdk/Canvas_311	https://dl.ficlit.unibo.it/iiif/2/28429/canvas/p40	BO0451_CAM6537_0040_p.XXXII.jpg	entity-41		
855	https://github.com/n1kg0r/ds-project-dhdk/Canvas_473	https://dl.ficlit.unibo.it/iiif/2/28429/canvas/p202	BO0451_CAM6537_0202_p.110.jpg	entity-203		
864	https://github.com/n1kg0r/ds-project-dhdk/Canvas_426	https://dl.ficlit.unibo.it/iiif/2/28429/canvas/p155	BO0451_CAM6537_0155_p.75.jpg	entity-156		
873	https://github.com/n1kg0r/ds-project-dhdk/Canvas_364	https://dl.ficlit.unibo.it/iiif/2/28429/canvas/p93	BO0451_CAM6537_0093_p.31.jpg	entity-94		
882	https://github.com/n1kg0r/ds-project-dhdk/Canvas_455	https://dl.ficlit.unibo.it/iiif/2/28429/canvas/p184	BO0451_CAM6537_0184_p.96.jpg	entity-185		
891	https://github.com/n1kg0r/ds-project-dhdk/Canvas_440	https://dl.ficlit.unibo.it/iiif/2/28429/canvas/p169	BO0451_CAM6537_0169_tavola recto.jpg	entity-170		
900	https://github.com/n1kg0r/ds-project-dhdk/Canvas_302	https://dl.ficlit.unibo.it/iiif/2/28429/canvas/p31	BO0451_CAM6537_0031_p.XXVII.jpg	entity-32		
909	https://github.com/n1kg0r/ds-project-dhdk/Canvas_302	https://dl.ficlit.unibo.it/iiif/2/28429/canvas/p31	colori	entity-32		
918	https://github.com/n1kg0r/ds-project-dhdk/Canvas_302	https://dl.ficlit.unibo.it/iiif/2/19425/canvas/p15	BO0451_CAM6537_0031_p.XXVII.jpg	entity-273		
927	https://github.com/n1kg0r/ds-project-dhdk/Canvas_302	https://dl.ficlit.unibo.it/iiif/2/19425/canvas/p15	colori	entity-273		
936	https://github.com/n1kg0r/ds-project-dhdk/Canvas_322	https://dl.ficlit.unibo.it/iiif/2/28429/canvas/p51	BO0451_CAM6537_0051_np.jpg	entity-52		
945	https://github.com/n1kg0r/ds-project-dhdk/Canvas_416	https://dl.ficlit.unibo.it/iiif/2/28429/canvas/p145	BO0451_CAM6537_0145_np.jpg	entity-146		
954	https://github.com/n1kg0r/ds-project-dhdk/Canvas_400	https://dl.ficlit.unibo.it/iiif/2/28429/canvas/p129	BO0451_CAM6537_0129_np.jpg	entity-130		
963	https://github.com/n1kg0r/ds-project-dhdk/Canvas_419	https://dl.ficlit.unibo.it/iiif/2/28429/canvas/p148	BO0451_CAM6537_0148_tavola verso.jpg	entity-149		
972	https://github.com/n1kg0r/ds-project-dhdk/Canvas_433	https://dl.ficlit.unibo.it/iiif/2/28429/canvas/p162	BO0451_CAM6537_0162_p.78.jpg	entity-163		
981	https://github.com/n1kg0r/ds-project-dhdk/Canvas_305	https://dl.ficlit.unibo.it/iiif/2/28429/canvas/p34	BO0451_CAM6537_0034_p.XXX.jpg	entity-35		
990	https://github.com/n1kg0r/ds-project-dhdk/Canvas_447	https://dl.ficlit.unibo.it/iiif/2/28429/canvas/p176	BO0451_CAM6537_0176_p.88.jpg	entity-177		
999	https://github.com/n1kg0r/ds-project-dhdk/Canvas_510	https://dl.ficlit.unibo.it/iiif/2/28429/canvas/p239	BO0451_CAM6537_0239_metro e colore.jpg	entity-240		
1008	https://github.com/n1kg0r/ds-project-dhdk/Canvas_333	https://dl.ficlit.unibo.it/iiif/2/28429/canvas/p62	BO0451_CAM6537_0062_p.8.jpg	entity-63		
1017	https://github.com/n1kg0r/ds-project-dhdk/Canvas_292	https://dl.ficlit.unibo.it/iiif/2/28429/canvas/p21	BO0451_CAM6537_0021_p.XVII.jpg	entity-22		
1026	https://github.com/n1kg0r/ds-project-dhdk/Canvas_292	https://dl.ficlit.unibo.it/iiif/2/28429/canvas/p21	c2r	entity-22		
1035	https://github.com/n1kg0r/ds-project-dhdk/Canvas_292	https://dl.ficlit.unibo.it/iiif/2/19425/canvas/p5	BO0451_CAM6537_0021_p.XVII.jpg	entity-263		
1044	https://github.com/n1kg0r/ds-project-dhdk/Canvas_292	https://dl.ficlit.unibo.it/iiif/2/19425/canvas/p5	c2r	entity-263		
1053	https://github.com/n1kg0r/ds-project-dhdk/Canvas_469	https://dl.ficlit.unibo.it/iiif/2/28429/canvas/p198	BO0451_CAM6537_0198_p.106.jpg	entity-199		
1062	https://github.com/n1kg0r/ds-project-dhdk/Canvas_377	https://dl.ficlit.unibo.it/iiif/2/28429/canvas/p106	BO0451_CAM6537_0106_p.44.jpg	entity-107		
1071	https://github.com/n1kg0r/ds-project-dhdk/Canvas_295	https://dl.ficlit.unibo.it/iiif/2/28429/canvas/p24	BO0451_CAM6537_0024_p.XX.jpg	entity-25		
1080	https://github.com/n1kg0r/ds-project-dhdk/Canvas_295	https://dl.ficlit.unibo.it/iiif/2/28429/canvas/p24	c3v	entity-25		
1089	https://github.com/n1kg0r/ds-project-dhdk/Canvas_295	https://dl.ficlit.unibo.it/iiif/2/19425/canvas/p8	BO0451_CAM6537_0024_p.XX.jpg	entity-266		
1098	https://github.com/n1kg0r/ds-project-dhdk/Canvas_295	https://dl.ficlit.unibo.it/iiif/2/19425/canvas/p8	c3v	entity-266		
1107	https://github.com/n1kg0r/ds-project-dhdk/Canvas_324	https://dl.ficlit.unibo.it/iiif/2/28429/canvas/p53	BO0451_CAM6537_0053_tavola recto.jpg	entity-54		
1116	https://github.com/n1kg0r/ds-project-dhdk/Canvas_350	https://dl.ficlit.unibo.it/iiif/2/28429/canvas/p79	BO0451_CAM6537_0079_p.21.jpg	entity-80		
1125	https://github.com/n1kg0r/ds-project-dhdk/Canvas_363	https://dl.ficlit.unibo.it/iiif/2/28429/canvas/p92	BO0451_CAM6537_0092_p.30.jpg	entity-93		
1134	https://github.com/n1kg0r/ds-project-dhdk/Canvas_278	https://dl.ficlit.unibo.it/iiif/2/28429/canvas/p7	BO0451_CAM6537_0007_p.[III].jpg	entity-8		
1143	https://github.com/n1kg0r/ds-project-dhdk/Canvas_278	https://dl.ficlit.unibo.it/iiif/2/28429/canvas/p7	c3r	entity-8		
1152	https://github.com/n1kg0r/ds-project-dhdk/Canvas_278	https://dl.ficlit.unibo.it/iiif/2/19428/canvas/p7	BO0451_CAM6537_0007_p.[III].jpg	entity-248		
1161	https://github.com/n1kg0r/ds-project-dhdk/Canvas_278	https://dl.ficlit.unibo.it/iiif/2/19428/canvas/p7	c3r	entity-248		
1170	https://github.com/n1kg0r/ds-project-dhdk/Canvas_279	https://dl.ficlit.unibo.it/iiif/2/28429/canvas/p8	BO0451_CAM6537_0008_p.[IV].jpg	entity-9		
1179	https://github.com/n1kg0r/ds-project-dhdk/Canvas_279	https://dl.ficlit.unibo.it/iiif/2/28429/canvas/p8	c3v	entity-9		
1188	https://github.com/n1kg0r/ds-project-dhdk/Canvas_279	https://dl.ficlit.unibo.it/iiif/2/19428/canvas/p8	BO0451_CAM6537_0008_p.[IV].jpg	entity-249		
1197	https://github.com/n1kg0r/ds-project-dhdk/Canvas_279	https://dl.ficlit.unibo.it/iiif/2/19428/canvas/p8	c3v	entity-249		
1206	https://github.com/n1kg0r/ds-project-dhdk/Canvas_374	https://dl.ficlit.unibo.it/iiif/2/28429/canvas/p103	BO0451_CAM6537_0103_p.41.jpg	entity-104		
1215	https://github.com/n1kg0r/ds-project-dhdk/Canvas_418	https://dl.ficlit.unibo.it/iiif/2/28429/canvas/p147	BO0451_CAM6537_0147_tavola recto.jpg	entity-148		
1224	https://github.com/n1kg0r/ds-project-dhdk/Canvas_488	https://dl.ficlit.unibo.it/iiif/2/28429/canvas/p217	BO0451_CAM6537_0217_p.[121].jpg	entity-218		
1233	https://github.com/n1kg0r/ds-project-dhdk/Canvas_282	https://dl.ficlit.unibo.it/iiif/2/28429/canvas/p11	BO0451_CAM6537_0011_p.VII.jpg	entity-12		
1242	https://github.com/n1kg0r/ds-project-dhdk/Canvas_282	https://dl.ficlit.unibo.it/iiif/2/28429/canvas/p11	c5r	entity-12		
1251	https://github.com/n1kg0r/ds-project-dhdk/Canvas_282	https://dl.ficlit.unibo.it/iiif/2/19428/canvas/p11	BO0451_CAM6537_0011_p.VII.jpg	entity-252		
1260	https://github.com/n1kg0r/ds-project-dhdk/Canvas_282	https://dl.ficlit.unibo.it/iiif/2/19428/canvas/p11	c5r	entity-252		
1269	https://github.com/n1kg0r/ds-project-dhdk/Canvas_453	https://dl.ficlit.unibo.it/iiif/2/28429/canvas/p182	BO0451_CAM6537_0182_p.94.jpg	entity-183		
1278	https://github.com/n1kg0r/ds-project-dhdk/Canvas_378	https://dl.ficlit.unibo.it/iiif/2/28429/canvas/p107	BO0451_CAM6537_0107_np.jpg	entity-108		
1287	https://github.com/n1kg0r/ds-project-dhdk/Canvas_464	https://dl.ficlit.unibo.it/iiif/2/28429/canvas/p193	BO0451_CAM6537_0193_p.101.jpg	entity-194		
1296	https://github.com/n1kg0r/ds-project-dhdk/Canvas_334	https://dl.ficlit.unibo.it/iiif/2/28429/canvas/p63	BO0451_CAM6537_0063_p.9.jpg	entity-64		
1305	https://github.com/n1kg0r/ds-project-dhdk/Canvas_486	https://dl.ficlit.unibo.it/iiif/2/28429/canvas/p215	BO0451_CAM6537_0215_p.119.jpg	entity-216		
1314	https://github.com/n1kg0r/ds-project-dhdk/Canvas_404	https://dl.ficlit.unibo.it/iiif/2/28429/canvas/p133	BO0451_CAM6537_0133_p.57.jpg	entity-134		
1323	https://github.com/n1kg0r/ds-project-dhdk/Canvas_348	https://dl.ficlit.unibo.it/iiif/2/28429/canvas/p77	BO0451_CAM6537_0077_p.19.jpg	entity-78		
1332	https://github.com/n1kg0r/ds-project-dhdk/Canvas_284	https://dl.ficlit.unibo.it/iiif/2/28429/canvas/p13	BO0451_CAM6537_0013_p.IX.jpg	entity-14		
1341	https://github.com/n1kg0r/ds-project-dhdk/Canvas_284	https://dl.ficlit.unibo.it/iiif/2/28429/canvas/p13	r	entity-14		
1350	https://github.com/n1kg0r/ds-project-dhdk/Canvas_284	https://dl.ficlit.unibo.it/iiif/2/19428/canvas/p13	BO0451_CAM6537_0013_p.IX.jpg	entity-254		
1359	https://github.com/n1kg0r/ds-project-dhdk/Canvas_284	https://dl.ficlit.unibo.it/iiif/2/19428/canvas/p13	r	entity-254		
1368	https://github.com/n1kg0r/ds-project-dhdk/Canvas_321	https://dl.ficlit.unibo.it/iiif/2/28429/canvas/p50	BO0451_CAM6537_0050_p.[XLII].jpg	entity-51		
1377	https://github.com/n1kg0r/ds-project-dhdk/Canvas_503	https://dl.ficlit.unibo.it/iiif/2/28429/canvas/p232	BO0451_CAM6537_0232_foglio di guardia.jpg	entity-233		
1386	https://github.com/n1kg0r/ds-project-dhdk/Canvas_371	https://dl.ficlit.unibo.it/iiif/2/28429/canvas/p100	BO0451_CAM6537_0100_p.38.jpg	entity-101		
1395	https://github.com/n1kg0r/ds-project-dhdk/Canvas_456	https://dl.ficlit.unibo.it/iiif/2/28429/canvas/p185	BO0451_CAM6537_0185_p.97.jpg	entity-186		
1404	https://github.com/n1kg0r/ds-project-dhdk/Canvas_422	https://dl.ficlit.unibo.it/iiif/2/28429/canvas/p151	BO0451_CAM6537_0151_p.71.jpg	entity-152		
1413	https://github.com/n1kg0r/ds-project-dhdk/Canvas_293	https://dl.ficlit.unibo.it/iiif/2/28429/canvas/p22	BO0451_CAM6537_0022_p.XVIII.jpg	entity-23		
1422	https://github.com/n1kg0r/ds-project-dhdk/Canvas_293	https://dl.ficlit.unibo.it/iiif/2/28429/canvas/p22	c2v	entity-23		
1431	https://github.com/n1kg0r/ds-project-dhdk/Canvas_293	https://dl.ficlit.unibo.it/iiif/2/19425/canvas/p6	BO0451_CAM6537_0022_p.XVIII.jpg	entity-264		
1440	https://github.com/n1kg0r/ds-project-dhdk/Canvas_293	https://dl.ficlit.unibo.it/iiif/2/19425/canvas/p6	c2v	entity-264		
1449	https://github.com/n1kg0r/ds-project-dhdk/Canvas_335	https://dl.ficlit.unibo.it/iiif/2/28429/canvas/p64	BO0451_CAM6537_0064_p.10.jpg	entity-65		
1458	https://github.com/n1kg0r/ds-project-dhdk/Canvas_397	https://dl.ficlit.unibo.it/iiif/2/28429/canvas/p126	BO0451_CAM6537_0126_p.54.jpg	entity-127		
1467	https://github.com/n1kg0r/ds-project-dhdk/Canvas_396	https://dl.ficlit.unibo.it/iiif/2/28429/canvas/p125	BO0451_CAM6537_0125_p.53.jpg	entity-126		
1476	https://github.com/n1kg0r/ds-project-dhdk/Canvas_342	https://dl.ficlit.unibo.it/iiif/2/28429/canvas/p71	BO0451_CAM6537_0071_p.13.jpg	entity-72		
1485	https://github.com/n1kg0r/ds-project-dhdk/Canvas_417	https://dl.ficlit.unibo.it/iiif/2/28429/canvas/p146	BO0451_CAM6537_0146_np.jpg	entity-147		
1494	https://github.com/n1kg0r/ds-project-dhdk/Canvas_445	https://dl.ficlit.unibo.it/iiif/2/28429/canvas/p174	BO0451_CAM6537_0174_p.86.jpg	entity-175		
1503	https://github.com/n1kg0r/ds-project-dhdk/Canvas_394	https://dl.ficlit.unibo.it/iiif/2/28429/canvas/p123	BO0451_CAM6537_0123_p.51.jpg	entity-124		
1512	https://github.com/n1kg0r/ds-project-dhdk/Canvas_502	https://dl.ficlit.unibo.it/iiif/2/28429/canvas/p231	BO0451_CAM6537_0231_foglio di guardia.jpg	entity-232		
1521	https://github.com/n1kg0r/ds-project-dhdk/Canvas_395	https://dl.ficlit.unibo.it/iiif/2/28429/canvas/p124	BO0451_CAM6537_0124_p.52.jpg	entity-125		
1530	https://github.com/n1kg0r/ds-project-dhdk/Canvas_467	https://dl.ficlit.unibo.it/iiif/2/28429/canvas/p196	BO0451_CAM6537_0196_p.104.jpg	entity-197		
1539	https://github.com/n1kg0r/ds-project-dhdk/Canvas_331	https://dl.ficlit.unibo.it/iiif/2/28429/canvas/p60	BO0451_CAM6537_0060_p.6.jpg	entity-61		
1548	https://github.com/n1kg0r/ds-project-dhdk/Canvas_357	https://dl.ficlit.unibo.it/iiif/2/28429/canvas/p86	BO0451_CAM6537_0086_p.24.jpg	entity-87		
1557	https://github.com/n1kg0r/ds-project-dhdk/Canvas_346	https://dl.ficlit.unibo.it/iiif/2/28429/canvas/p75	BO0451_CAM6537_0075_p.17.jpg	entity-76		
1566	https://github.com/n1kg0r/ds-project-dhdk/Canvas_365	https://dl.ficlit.unibo.it/iiif/2/28429/canvas/p94	BO0451_CAM6537_0094_p.32.jpg	entity-95		
1575	https://github.com/n1kg0r/ds-project-dhdk/Canvas_494	https://dl.ficlit.unibo.it/iiif/2/28429/canvas/p223	BO0451_CAM6537_0223_p.127.jpg	entity-224		
1584	https://github.com/n1kg0r/ds-project-dhdk/Canvas_307	https://dl.ficlit.unibo.it/iiif/2/28429/canvas/p36	BO0451_CAM6537_0036_np.jpg	entity-37		
1593	https://github.com/n1kg0r/ds-project-dhdk/Canvas_415	https://dl.ficlit.unibo.it/iiif/2/28429/canvas/p144	BO0451_CAM6537_0144_p.68.jpg	entity-145		
1602	https://github.com/n1kg0r/ds-project-dhdk/Canvas_372	https://dl.ficlit.unibo.it/iiif/2/28429/canvas/p101	BO0451_CAM6537_0101_p.39.jpg	entity-102		
1611	https://github.com/n1kg0r/ds-project-dhdk/Canvas_298	https://dl.ficlit.unibo.it/iiif/2/28429/canvas/p27	BO0451_CAM6537_0027_p.XXIII.jpg	entity-28		
1620	https://github.com/n1kg0r/ds-project-dhdk/Canvas_298	https://dl.ficlit.unibo.it/iiif/2/28429/canvas/p27	c5r	entity-28		
1629	https://github.com/n1kg0r/ds-project-dhdk/Canvas_298	https://dl.ficlit.unibo.it/iiif/2/19425/canvas/p11	BO0451_CAM6537_0027_p.XXIII.jpg	entity-269		
1638	https://github.com/n1kg0r/ds-project-dhdk/Canvas_298	https://dl.ficlit.unibo.it/iiif/2/19425/canvas/p11	c5r	entity-269		
1647	https://github.com/n1kg0r/ds-project-dhdk/Canvas_376	https://dl.ficlit.unibo.it/iiif/2/28429/canvas/p105	BO0451_CAM6537_0105_p.43.jpg	entity-106		
1656	https://github.com/n1kg0r/ds-project-dhdk/Canvas_288	https://dl.ficlit.unibo.it/iiif/2/28429/canvas/p17	BO0451_CAM6537_0017_p.XIII.jpg	entity-18		
1665	https://github.com/n1kg0r/ds-project-dhdk/Canvas_288	https://dl.ficlit.unibo.it/iiif/2/28429/canvas/p17	r	entity-18		
1674	https://github.com/n1kg0r/ds-project-dhdk/Canvas_288	https://dl.ficlit.unibo.it/iiif/2/19425/canvas/p1	BO0451_CAM6537_0017_p.XIII.jpg	entity-259		
1683	https://github.com/n1kg0r/ds-project-dhdk/Canvas_288	https://dl.ficlit.unibo.it/iiif/2/19425/canvas/p1	r	entity-259		
1692	https://github.com/n1kg0r/ds-project-dhdk/Canvas_441	https://dl.ficlit.unibo.it/iiif/2/28429/canvas/p170	BO0451_CAM6537_0170_tavola verso.jpg	entity-171		
1701	https://github.com/n1kg0r/ds-project-dhdk/Canvas_487	https://dl.ficlit.unibo.it/iiif/2/28429/canvas/p216	BO0451_CAM6537_0216_p.120.jpg	entity-217		
1710	https://github.com/n1kg0r/ds-project-dhdk/Canvas_406	https://dl.ficlit.unibo.it/iiif/2/28429/canvas/p135	BO0451_CAM6537_0135_p.59.jpg	entity-136		
1719	https://github.com/n1kg0r/ds-project-dhdk/Canvas_449	https://dl.ficlit.unibo.it/iiif/2/28429/canvas/p178	BO0451_CAM6537_0178_p.90.jpg	entity-179		
1728	https://github.com/n1kg0r/ds-project-dhdk/Canvas_382	https://dl.ficlit.unibo.it/iiif/2/28429/canvas/p111	BO0451_CAM6537_0111_p.45.jpg	entity-112		
1737	https://github.com/n1kg0r/ds-project-dhdk/Canvas_297	https://dl.ficlit.unibo.it/iiif/2/28429/canvas/p26	BO0451_CAM6537_0026_p.XXII.jpg	entity-27		
1746	https://github.com/n1kg0r/ds-project-dhdk/Canvas_297	https://dl.ficlit.unibo.it/iiif/2/28429/canvas/p26	c4v	entity-27		
1755	https://github.com/n1kg0r/ds-project-dhdk/Canvas_297	https://dl.ficlit.unibo.it/iiif/2/19425/canvas/p10	BO0451_CAM6537_0026_p.XXII.jpg	entity-268		
1764	https://github.com/n1kg0r/ds-project-dhdk/Canvas_297	https://dl.ficlit.unibo.it/iiif/2/19425/canvas/p10	c4v	entity-268		
1773	https://github.com/n1kg0r/ds-project-dhdk/Canvas_410	https://dl.ficlit.unibo.it/iiif/2/28429/canvas/p139	BO0451_CAM6537_0139_p.63.jpg	entity-140		
1782	https://github.com/n1kg0r/ds-project-dhdk/Canvas_424	https://dl.ficlit.unibo.it/iiif/2/28429/canvas/p153	BO0451_CAM6537_0153_p.73.jpg	entity-154		
1791	https://github.com/n1kg0r/ds-project-dhdk/Canvas_498	https://dl.ficlit.unibo.it/iiif/2/28429/canvas/p227	BO0451_CAM6537_0227_foglio di guardia.jpg	entity-228		
1800	https://github.com/n1kg0r/ds-project-dhdk/Canvas_508	https://dl.ficlit.unibo.it/iiif/2/28429/canvas/p237	BO0451_CAM6537_0237_taglio concavo.jpg	entity-238		
1809	https://github.com/n1kg0r/ds-project-dhdk/Canvas_489	https://dl.ficlit.unibo.it/iiif/2/28429/canvas/p218	BO0451_CAM6537_0218_p.[122].jpg	entity-219		
1818	https://github.com/n1kg0r/ds-project-dhdk/Canvas_386	https://dl.ficlit.unibo.it/iiif/2/28429/canvas/p115	BO0451_CAM6537_0115_np.jpg	entity-116		
1827	https://github.com/n1kg0r/ds-project-dhdk/Canvas_483	https://dl.ficlit.unibo.it/iiif/2/28429/canvas/p212	BO0451_CAM6537_0212_p.116.jpg	entity-213		
1836	https://github.com/n1kg0r/ds-project-dhdk/Canvas_492	https://dl.ficlit.unibo.it/iiif/2/28429/canvas/p221	BO0451_CAM6537_0221_p.125.jpg	entity-222		
1845	https://github.com/n1kg0r/ds-project-dhdk/Canvas_320	https://dl.ficlit.unibo.it/iiif/2/28429/canvas/p49	BO0451_CAM6537_0049_p.XLI.jpg	entity-50		
1854	https://github.com/n1kg0r/ds-project-dhdk/Canvas_300	https://dl.ficlit.unibo.it/iiif/2/28429/canvas/p29	BO0451_CAM6537_0029_p.XXV.jpg	entity-30		
1863	https://github.com/n1kg0r/ds-project-dhdk/Canvas_300	https://dl.ficlit.unibo.it/iiif/2/28429/canvas/p29	r	entity-30		
1872	https://github.com/n1kg0r/ds-project-dhdk/Canvas_300	https://dl.ficlit.unibo.it/iiif/2/19425/canvas/p13	BO0451_CAM6537_0029_p.XXV.jpg	entity-271		
1881	https://github.com/n1kg0r/ds-project-dhdk/Canvas_300	https://dl.ficlit.unibo.it/iiif/2/19425/canvas/p13	r	entity-271		
1890	https://github.com/n1kg0r/ds-project-dhdk/Canvas_442	https://dl.ficlit.unibo.it/iiif/2/28429/canvas/p171	BO0451_CAM6537_0171_p.83.jpg	entity-172		
1899	https://github.com/n1kg0r/ds-project-dhdk/Canvas_281	https://dl.ficlit.unibo.it/iiif/2/19428/canvas/p10	c4v	entity-251		
1908	https://github.com/n1kg0r/ds-project-dhdk/Canvas_281	https://dl.ficlit.unibo.it/iiif/2/19428/canvas/p10	BO0451_CAM6537_0010_p.[VI].jpg	entity-251		
1917	https://github.com/n1kg0r/ds-project-dhdk/Canvas_286	https://dl.ficlit.unibo.it/iiif/2/28429/canvas/p15	BO0451_CAM6537_0015_p.XI.jpg	entity-16		
1926	https://github.com/n1kg0r/ds-project-dhdk/Canvas_286	https://dl.ficlit.unibo.it/iiif/2/28429/canvas/p15	colori	entity-16		
1935	https://github.com/n1kg0r/ds-project-dhdk/Canvas_286	https://dl.ficlit.unibo.it/iiif/2/19428/canvas/p15	BO0451_CAM6537_0015_p.XI.jpg	entity-256		
1944	https://github.com/n1kg0r/ds-project-dhdk/Canvas_286	https://dl.ficlit.unibo.it/iiif/2/19428/canvas/p15	colori	entity-256		
1953	https://github.com/n1kg0r/ds-project-dhdk/Canvas_366	https://dl.ficlit.unibo.it/iiif/2/28429/canvas/p95	BO0451_CAM6537_0095_p.33.jpg	entity-96		
1962	https://github.com/n1kg0r/ds-project-dhdk/Canvas_451	https://dl.ficlit.unibo.it/iiif/2/28429/canvas/p180	BO0451_CAM6537_0180_p.92.jpg	entity-181		
1971	https://github.com/n1kg0r/ds-project-dhdk/Canvas_470	https://dl.ficlit.unibo.it/iiif/2/28429/canvas/p199	BO0451_CAM6537_0199_p.107.jpg	entity-200		
1980	https://github.com/n1kg0r/ds-project-dhdk/Canvas_450	https://dl.ficlit.unibo.it/iiif/2/28429/canvas/p179	BO0451_CAM6537_0179_p.91.jpg	entity-180		
1989	https://github.com/n1kg0r/ds-project-dhdk/Canvas_411	https://dl.ficlit.unibo.it/iiif/2/28429/canvas/p140	BO0451_CAM6537_0140_p.64.jpg	entity-141		
1998	https://github.com/n1kg0r/ds-project-dhdk/Canvas_481	https://dl.ficlit.unibo.it/iiif/2/28429/canvas/p210	BO0451_CAM6537_0210_tavola verso.jpg	entity-211		
2007	https://github.com/n1kg0r/ds-project-dhdk/Canvas_437	https://dl.ficlit.unibo.it/iiif/2/28429/canvas/p166	BO0451_CAM6537_0166_p.82.jpg	entity-167		
2016	https://github.com/n1kg0r/ds-project-dhdk/Canvas_493	https://dl.ficlit.unibo.it/iiif/2/28429/canvas/p222	BO0451_CAM6537_0222_p.126.jpg	entity-223		
2025	https://github.com/n1kg0r/ds-project-dhdk/Canvas_479	https://dl.ficlit.unibo.it/iiif/2/28429/canvas/p208	BO0451_CAM6537_0208_np.jpg	entity-209		
2034	https://github.com/n1kg0r/ds-project-dhdk/Canvas_373	https://dl.ficlit.unibo.it/iiif/2/28429/canvas/p102	BO0451_CAM6537_0102_p.40.jpg	entity-103		
2043	https://github.com/n1kg0r/ds-project-dhdk/Canvas_491	https://dl.ficlit.unibo.it/iiif/2/28429/canvas/p220	BO0451_CAM6537_0220_p.124.jpg	entity-221		
2052	https://github.com/n1kg0r/ds-project-dhdk/Canvas_309	https://dl.ficlit.unibo.it/iiif/2/28429/canvas/p38	BO0451_CAM6537_0038_tavola verso.jpg	entity-39		
2061	https://github.com/n1kg0r/ds-project-dhdk/Canvas_507	https://dl.ficlit.unibo.it/iiif/2/28429/canvas/p236	BO0451_CAM6537_0236_taglio inferiore.jpg	entity-237		
2070	https://github.com/n1kg0r/ds-project-dhdk/Canvas_407	https://dl.ficlit.unibo.it/iiif/2/28429/canvas/p136	BO0451_CAM6537_0136_p.60.jpg	entity-137		
2079	https://github.com/n1kg0r/ds-project-dhdk/Canvas_408	https://dl.ficlit.unibo.it/iiif/2/28429/canvas/p137	BO0451_CAM6537_0137_p.61.jpg	entity-138		
2088	https://github.com/n1kg0r/ds-project-dhdk/Canvas_276	https://dl.ficlit.unibo.it/iiif/2/28429/canvas/p5	BO0451_CAM6537_0005_foglio di guardia.jpg	entity-6		
2097	https://github.com/n1kg0r/ds-project-dhdk/Canvas_276	https://dl.ficlit.unibo.it/iiif/2/28429/canvas/p5	c2r	entity-6		
2106	https://github.com/n1kg0r/ds-project-dhdk/Canvas_276	https://dl.ficlit.unibo.it/iiif/2/19428/canvas/p5	BO0451_CAM6537_0005_foglio di guardia.jpg	entity-246		
2115	https://github.com/n1kg0r/ds-project-dhdk/Canvas_276	https://dl.ficlit.unibo.it/iiif/2/19428/canvas/p5	c2r	entity-246		
2124	https://github.com/n1kg0r/ds-project-dhdk/Canvas_399	https://dl.ficlit.unibo.it/iiif/2/28429/canvas/p128	BO0451_CAM6537_0128_p.56.jpg	entity-129		
2133	https://github.com/n1kg0r/ds-project-dhdk/Canvas_393	https://dl.ficlit.unibo.it/iiif/2/28429/canvas/p122	BO0451_CAM6537_0122_p.50.jpg	entity-123		
2142	https://github.com/n1kg0r/ds-project-dhdk/Canvas_379	https://dl.ficlit.unibo.it/iiif/2/28429/canvas/p108	BO0451_CAM6537_0108_np.jpg	entity-109		
2151	https://github.com/n1kg0r/ds-project-dhdk/Canvas_317	https://dl.ficlit.unibo.it/iiif/2/28429/canvas/p46	BO0451_CAM6537_0046_p.XXXVIII.jpg	entity-47		
2160	https://github.com/n1kg0r/ds-project-dhdk/Canvas_435	https://dl.ficlit.unibo.it/iiif/2/28429/canvas/p164	BO0451_CAM6537_0164_p.80.jpg	entity-165		
2169	https://github.com/n1kg0r/ds-project-dhdk/Canvas_330	https://dl.ficlit.unibo.it/iiif/2/28429/canvas/p59	BO0451_CAM6537_0059_p.5.jpg	entity-60		
2178	https://github.com/n1kg0r/ds-project-dhdk/Canvas_388	https://dl.ficlit.unibo.it/iiif/2/28429/canvas/p117	BO0451_CAM6537_0117_tavola recto.jpg	entity-118		
2187	https://github.com/n1kg0r/ds-project-dhdk/Canvas_482	https://dl.ficlit.unibo.it/iiif/2/28429/canvas/p211	BO0451_CAM6537_0211_p.115.jpg	entity-212		
2196	https://github.com/n1kg0r/ds-project-dhdk/Canvas_370	https://dl.ficlit.unibo.it/iiif/2/28429/canvas/p99	BO0451_CAM6537_0099_p.37.jpg	entity-100		
2205	https://github.com/n1kg0r/ds-project-dhdk/Canvas_409	https://dl.ficlit.unibo.it/iiif/2/28429/canvas/p138	BO0451_CAM6537_0138_p.62.jpg	entity-139		
2214	https://github.com/n1kg0r/ds-project-dhdk/Canvas_490	https://dl.ficlit.unibo.it/iiif/2/28429/canvas/p219	BO0451_CAM6537_0219_p.123.jpg	entity-220		
2223	https://github.com/n1kg0r/ds-project-dhdk/Canvas_444	https://dl.ficlit.unibo.it/iiif/2/28429/canvas/p173	BO0451_CAM6537_0173_p.85.jpg	entity-174		
2232	https://github.com/n1kg0r/ds-project-dhdk/Canvas_505	https://dl.ficlit.unibo.it/iiif/2/28429/canvas/p234	BO0451_CAM6537_0234_piatto posteriore.jpg	entity-235		
2241	https://github.com/n1kg0r/ds-project-dhdk/Canvas_347	https://dl.ficlit.unibo.it/iiif/2/28429/canvas/p76	BO0451_CAM6537_0076_p.18.jpg	entity-77		
2250	https://github.com/n1kg0r/ds-project-dhdk/Canvas_354	https://dl.ficlit.unibo.it/iiif/2/28429/canvas/p83	BO0451_CAM6537_0083_tavola recto.jpg	entity-84		
2259	https://github.com/n1kg0r/ds-project-dhdk/Canvas_428	https://dl.ficlit.unibo.it/iiif/2/28429/canvas/p157	BO0451_CAM6537_0157_np.jpg	entity-158		
2268	https://github.com/n1kg0r/ds-project-dhdk/Canvas_429	https://dl.ficlit.unibo.it/iiif/2/28429/canvas/p158	BO0451_CAM6537_0158_np.jpg	entity-159		
2277	https://github.com/n1kg0r/ds-project-dhdk/Canvas_412	https://dl.ficlit.unibo.it/iiif/2/28429/canvas/p141	BO0451_CAM6537_0141_p.65.jpg	entity-142		
2286	https://github.com/n1kg0r/ds-project-dhdk/Canvas_306	https://dl.ficlit.unibo.it/iiif/2/28429/canvas/p35	BO0451_CAM6537_0035_np.jpg	entity-36		
2295	https://github.com/n1kg0r/ds-project-dhdk/Canvas_439	https://dl.ficlit.unibo.it/iiif/2/28429/canvas/p168	BO0451_CAM6537_0168_np.jpg	entity-169		
2304	https://github.com/n1kg0r/ds-project-dhdk/Canvas_285	https://dl.ficlit.unibo.it/iiif/2/28429/canvas/p14	BO0451_CAM6537_0014_p.X.jpg	entity-15		
2313	https://github.com/n1kg0r/ds-project-dhdk/Canvas_285	https://dl.ficlit.unibo.it/iiif/2/28429/canvas/p14	v	entity-15		
2322	https://github.com/n1kg0r/ds-project-dhdk/Canvas_285	https://dl.ficlit.unibo.it/iiif/2/19428/canvas/p14	BO0451_CAM6537_0014_p.X.jpg	entity-255		
2331	https://github.com/n1kg0r/ds-project-dhdk/Canvas_285	https://dl.ficlit.unibo.it/iiif/2/19428/canvas/p14	v	entity-255		
2340	https://github.com/n1kg0r/ds-project-dhdk/Canvas_345	https://dl.ficlit.unibo.it/iiif/2/28429/canvas/p74	BO0451_CAM6537_0074_p.16.jpg	entity-75		
2349	https://github.com/n1kg0r/ds-project-dhdk/Canvas_420	https://dl.ficlit.unibo.it/iiif/2/28429/canvas/p149	BO0451_CAM6537_0149_p.69.jpg	entity-150		
2358	https://github.com/n1kg0r/ds-project-dhdk/Canvas_341	https://dl.ficlit.unibo.it/iiif/2/28429/canvas/p70	BO0451_CAM6537_0070_p.12.jpg	entity-71		
2367	https://github.com/n1kg0r/ds-project-dhdk/Canvas_275	https://dl.ficlit.unibo.it/iiif/2/28429/canvas/p4	BO0451_CAM6537_0004_foglio di guardia.jpg	entity-5		
2376	https://github.com/n1kg0r/ds-project-dhdk/Canvas_275	https://dl.ficlit.unibo.it/iiif/2/28429/canvas/p4	c1v	entity-5		
2385	https://github.com/n1kg0r/ds-project-dhdk/Canvas_275	https://dl.ficlit.unibo.it/iiif/2/19428/canvas/p4	BO0451_CAM6537_0004_foglio di guardia.jpg	entity-245		
2394	https://github.com/n1kg0r/ds-project-dhdk/Canvas_275	https://dl.ficlit.unibo.it/iiif/2/19428/canvas/p4	c1v	entity-245		
2403	https://github.com/n1kg0r/ds-project-dhdk/Canvas_380	https://dl.ficlit.unibo.it/iiif/2/28429/canvas/p109	BO0451_CAM6537_0109_tavola recto.jpg	entity-110		
2412	https://github.com/n1kg0r/ds-project-dhdk/Canvas_509	https://dl.ficlit.unibo.it/iiif/2/28429/canvas/p238	BO0451_CAM6537_0238_taglio superiore.jpg	entity-239		
2421	https://github.com/n1kg0r/ds-project-dhdk/Canvas_359	https://dl.ficlit.unibo.it/iiif/2/28429/canvas/p88	BO0451_CAM6537_0088_p.26.jpg	entity-89		
2430	https://github.com/n1kg0r/ds-project-dhdk/Canvas_496	https://dl.ficlit.unibo.it/iiif/2/28429/canvas/p225	BO0451_CAM6537_0225_p.[129].jpg	entity-226		
2439	https://github.com/n1kg0r/ds-project-dhdk/Canvas_384	https://dl.ficlit.unibo.it/iiif/2/28429/canvas/p113	BO0451_CAM6537_0113_p.47.jpg	entity-114		
2448	https://github.com/n1kg0r/ds-project-dhdk/Canvas_273	https://dl.ficlit.unibo.it/iiif/2/28429/canvas/p2	BO0451_CAM6537_0002_contropiatto anteriore.jpg	entity-3		
2457	https://github.com/n1kg0r/ds-project-dhdk/Canvas_273	https://dl.ficlit.unibo.it/iiif/2/28429/canvas/p2	v	entity-3		
2466	https://github.com/n1kg0r/ds-project-dhdk/Canvas_273	https://dl.ficlit.unibo.it/iiif/2/19428/canvas/p2	BO0451_CAM6537_0002_contropiatto anteriore.jpg	entity-243		
2475	https://github.com/n1kg0r/ds-project-dhdk/Canvas_273	https://dl.ficlit.unibo.it/iiif/2/19428/canvas/p2	v	entity-243		
2484	https://github.com/n1kg0r/ds-project-dhdk/Canvas_332	https://dl.ficlit.unibo.it/iiif/2/28429/canvas/p61	BO0451_CAM6537_0061_p.7.jpg	entity-62		
2493	https://github.com/n1kg0r/ds-project-dhdk/Canvas_476	https://dl.ficlit.unibo.it/iiif/2/28429/canvas/p205	BO0451_CAM6537_0205_p.113.jpg	entity-206		
2502	https://github.com/n1kg0r/ds-project-dhdk/Canvas_326	https://dl.ficlit.unibo.it/iiif/2/28429/canvas/p55	BO0451_CAM6537_0055_p.1.jpg	entity-56		
2511	https://github.com/n1kg0r/ds-project-dhdk/Canvas_431	https://dl.ficlit.unibo.it/iiif/2/28429/canvas/p160	BO0451_CAM6537_0160_tavola verso.jpg	entity-161		
2520	https://github.com/n1kg0r/ds-project-dhdk/Canvas_318	https://dl.ficlit.unibo.it/iiif/2/28429/canvas/p47	BO0451_CAM6537_0047_p.XXXIX.jpg	entity-48		
2529	https://github.com/n1kg0r/ds-project-dhdk/Canvas_369	https://dl.ficlit.unibo.it/iiif/2/28429/canvas/p98	BO0451_CAM6537_0098_p.36.jpg	entity-99		
2538	https://github.com/n1kg0r/ds-project-dhdk/Canvas_434	https://dl.ficlit.unibo.it/iiif/2/28429/canvas/p163	BO0451_CAM6537_0163_p.79.jpg	entity-164		
2547	https://github.com/n1kg0r/ds-project-dhdk/Canvas_457	https://dl.ficlit.unibo.it/iiif/2/28429/canvas/p186	BO0451_CAM6537_0186_p.98.jpg	entity-187		
2556	https://github.com/n1kg0r/ds-project-dhdk/Canvas_323	https://dl.ficlit.unibo.it/iiif/2/28429/canvas/p52	BO0451_CAM6537_0052_np.jpg	entity-53		
2565	https://github.com/n1kg0r/ds-project-dhdk/Canvas_362	https://dl.ficlit.unibo.it/iiif/2/28429/canvas/p91	BO0451_CAM6537_0091_p.29.jpg	entity-92		
2574	https://github.com/n1kg0r/ds-project-dhdk/Canvas_421	https://dl.ficlit.unibo.it/iiif/2/28429/canvas/p150	BO0451_CAM6537_0150_p.70.jpg	entity-151		
2583	https://github.com/n1kg0r/ds-project-dhdk/Canvas_327	https://dl.ficlit.unibo.it/iiif/2/28429/canvas/p56	BO0451_CAM6537_0056_p.2.jpg	entity-57		
2592	https://github.com/n1kg0r/ds-project-dhdk/Canvas_398	https://dl.ficlit.unibo.it/iiif/2/28429/canvas/p127	BO0451_CAM6537_0127_p.55.jpg	entity-128		
2601	https://github.com/n1kg0r/ds-project-dhdk/Canvas_355	https://dl.ficlit.unibo.it/iiif/2/28429/canvas/p84	BO0451_CAM6537_0084_tavola verso.jpg	entity-85		
2610	https://github.com/n1kg0r/ds-project-dhdk/Canvas_477	https://dl.ficlit.unibo.it/iiif/2/28429/canvas/p206	BO0451_CAM6537_0206_p.114.jpg	entity-207		
2619	https://github.com/n1kg0r/ds-project-dhdk/Canvas_349	https://dl.ficlit.unibo.it/iiif/2/28429/canvas/p78	BO0451_CAM6537_0078_p.20.jpg	entity-79		
2628	https://github.com/n1kg0r/ds-project-dhdk/Canvas_319	https://dl.ficlit.unibo.it/iiif/2/28429/canvas/p48	BO0451_CAM6537_0048_p.XL.jpg	entity-49		
2637	https://github.com/n1kg0r/ds-project-dhdk/Canvas_471	https://dl.ficlit.unibo.it/iiif/2/28429/canvas/p200	BO0451_CAM6537_0200_p.108.jpg	entity-201		
2646	https://github.com/n1kg0r/ds-project-dhdk/Canvas_436	https://dl.ficlit.unibo.it/iiif/2/28429/canvas/p165	BO0451_CAM6537_0165_p.81.jpg	entity-166		
2655	https://github.com/n1kg0r/ds-project-dhdk/Canvas_283	https://dl.ficlit.unibo.it/iiif/2/28429/canvas/p12	BO0451_CAM6537_0012_p.VIII.jpg	entity-13		
2664	https://github.com/n1kg0r/ds-project-dhdk/Canvas_283	https://dl.ficlit.unibo.it/iiif/2/28429/canvas/p12	c5v	entity-13		
2673	https://github.com/n1kg0r/ds-project-dhdk/Canvas_283	https://dl.ficlit.unibo.it/iiif/2/19428/canvas/p12	BO0451_CAM6537_0012_p.VIII.jpg	entity-253		
2682	https://github.com/n1kg0r/ds-project-dhdk/Canvas_283	https://dl.ficlit.unibo.it/iiif/2/19428/canvas/p12	c5v	entity-253		
2691	https://github.com/n1kg0r/ds-project-dhdk/Canvas_466	https://dl.ficlit.unibo.it/iiif/2/28429/canvas/p195	BO0451_CAM6537_0195_p.103.jpg	entity-196		
2700	https://github.com/n1kg0r/ds-project-dhdk/Canvas_289	https://dl.ficlit.unibo.it/iiif/2/28429/canvas/p18	BO0451_CAM6537_0018_p.XIV.jpg	entity-19		
2709	https://github.com/n1kg0r/ds-project-dhdk/Canvas_289	https://dl.ficlit.unibo.it/iiif/2/28429/canvas/p18	v	entity-19		
2718	https://github.com/n1kg0r/ds-project-dhdk/Canvas_289	https://dl.ficlit.unibo.it/iiif/2/19425/canvas/p2	BO0451_CAM6537_0018_p.XIV.jpg	entity-260		
2727	https://github.com/n1kg0r/ds-project-dhdk/Canvas_289	https://dl.ficlit.unibo.it/iiif/2/19425/canvas/p2	v	entity-260		
2736	https://github.com/n1kg0r/ds-project-dhdk/Canvas_352	https://dl.ficlit.unibo.it/iiif/2/28429/canvas/p81	BO0451_CAM6537_0081_np.jpg	entity-82		
2745	https://github.com/n1kg0r/ds-project-dhdk/Canvas_325	https://dl.ficlit.unibo.it/iiif/2/28429/canvas/p54	BO0451_CAM6537_0054_tavola verso.jpg	entity-55		
2754	https://github.com/n1kg0r/ds-project-dhdk/Canvas_343	https://dl.ficlit.unibo.it/iiif/2/28429/canvas/p72	BO0451_CAM6537_0072_p.14.jpg	entity-73		
2763	https://github.com/n1kg0r/ds-project-dhdk/Canvas_468	https://dl.ficlit.unibo.it/iiif/2/28429/canvas/p197	BO0451_CAM6537_0197_p.105.jpg	entity-198		
2772	https://github.com/n1kg0r/ds-project-dhdk/Canvas_290	https://dl.ficlit.unibo.it/iiif/2/28429/canvas/p19	BO0451_CAM6537_0019_p.XV.jpg	entity-20		
2781	https://github.com/n1kg0r/ds-project-dhdk/Canvas_290	https://dl.ficlit.unibo.it/iiif/2/28429/canvas/p19	c1r	entity-20		
2790	https://github.com/n1kg0r/ds-project-dhdk/Canvas_290	https://dl.ficlit.unibo.it/iiif/2/19425/canvas/p3	BO0451_CAM6537_0019_p.XV.jpg	entity-261		
2799	https://github.com/n1kg0r/ds-project-dhdk/Canvas_290	https://dl.ficlit.unibo.it/iiif/2/19425/canvas/p3	c1r	entity-261		
2808	https://github.com/n1kg0r/ds-project-dhdk/Canvas_280	https://dl.ficlit.unibo.it/iiif/2/28429/canvas/p9	BO0451_CAM6537_0009_p.[V].jpg	entity-10		
2817	https://github.com/n1kg0r/ds-project-dhdk/Canvas_280	https://dl.ficlit.unibo.it/iiif/2/28429/canvas/p9	c4r	entity-10		
2826	https://github.com/n1kg0r/ds-project-dhdk/Canvas_280	https://dl.ficlit.unibo.it/iiif/2/19428/canvas/p9	BO0451_CAM6537_0009_p.[V].jpg	entity-250		
2835	https://github.com/n1kg0r/ds-project-dhdk/Canvas_280	https://dl.ficlit.unibo.it/iiif/2/19428/canvas/p9	c4r	entity-250		
2844	https://github.com/n1kg0r/ds-project-dhdk/Canvas_504	https://dl.ficlit.unibo.it/iiif/2/28429/canvas/p233	BO0451_CAM6537_0233_contropiatto posteriore.jpg	entity-234		
2853	https://github.com/n1kg0r/ds-project-dhdk/Canvas_299	https://dl.ficlit.unibo.it/iiif/2/28429/canvas/p28	BO0451_CAM6537_0028_p.XXIV.jpg	entity-29		
2862	https://github.com/n1kg0r/ds-project-dhdk/Canvas_299	https://dl.ficlit.unibo.it/iiif/2/28429/canvas/p28	c5v	entity-29		
2871	https://github.com/n1kg0r/ds-project-dhdk/Canvas_299	https://dl.ficlit.unibo.it/iiif/2/19425/canvas/p12	BO0451_CAM6537_0028_p.XXIV.jpg	entity-270		
2880	https://github.com/n1kg0r/ds-project-dhdk/Canvas_299	https://dl.ficlit.unibo.it/iiif/2/19425/canvas/p12	c5v	entity-270		
2889	https://github.com/n1kg0r/ds-project-dhdk/Canvas_484	https://dl.ficlit.unibo.it/iiif/2/28429/canvas/p213	BO0451_CAM6537_0213_p.117.jpg	entity-214		
2898	https://github.com/n1kg0r/ds-project-dhdk/Canvas_462	https://dl.ficlit.unibo.it/iiif/2/28429/canvas/p191	BO0451_CAM6537_0191_p.99.jpg	entity-192		
2907	https://github.com/n1kg0r/ds-project-dhdk/Canvas_501	https://dl.ficlit.unibo.it/iiif/2/28429/canvas/p230	BO0451_CAM6537_0230_foglio di guardia.jpg	entity-231		
2916	https://github.com/n1kg0r/ds-project-dhdk/Canvas_432	https://dl.ficlit.unibo.it/iiif/2/28429/canvas/p161	BO0451_CAM6537_0161_p.77.jpg	entity-162		
2925	https://github.com/n1kg0r/ds-project-dhdk/Canvas_390	https://dl.ficlit.unibo.it/iiif/2/28429/canvas/p119	BO0451_CAM6537_0119_np.jpg	entity-120		
2934	https://github.com/n1kg0r/ds-project-dhdk/Canvas_458	https://dl.ficlit.unibo.it/iiif/2/28429/canvas/p187	BO0451_CAM6537_0187_np.jpg	entity-188		
2943	https://github.com/n1kg0r/ds-project-dhdk/Canvas_485	https://dl.ficlit.unibo.it/iiif/2/28429/canvas/p214	BO0451_CAM6537_0214_p.118.jpg	entity-215		
2952	https://github.com/n1kg0r/ds-project-dhdk/Canvas_277	https://dl.ficlit.unibo.it/iiif/2/28429/canvas/p6	BO0451_CAM6537_0006_foglio di guardia.jpg	entity-7		
2961	https://github.com/n1kg0r/ds-project-dhdk/Canvas_277	https://dl.ficlit.unibo.it/iiif/2/28429/canvas/p6	c2v	entity-7		
2970	https://github.com/n1kg0r/ds-project-dhdk/Canvas_277	https://dl.ficlit.unibo.it/iiif/2/19428/canvas/p6	BO0451_CAM6537_0006_foglio di guardia.jpg	entity-247		
2979	https://github.com/n1kg0r/ds-project-dhdk/Canvas_277	https://dl.ficlit.unibo.it/iiif/2/19428/canvas/p6	c2v	entity-247		
2988	https://github.com/n1kg0r/ds-project-dhdk/Canvas_329	https://dl.ficlit.unibo.it/iiif/2/28429/canvas/p58	BO0451_CAM6537_0058_p.4.jpg	entity-59		
2997	https://github.com/n1kg0r/ds-project-dhdk/Canvas_281	https://dl.ficlit.unibo.it/iiif/2/28429/canvas/p10	BO0451_CAM6537_0010_p.[VI].jpg	entity-11		
3006	https://github.com/n1kg0r/ds-project-dhdk/Canvas_281	https://dl.ficlit.unibo.it/iiif/2/28429/canvas/p10	c4v	entity-11		
3015		https://dl.ficlit.unibo.it/iiif/28429/collection		entity-0	 Doe, Jane; Doe, John	Dante Alighieri: Opere
3033		https://dl.ficlit.unibo.it/iiif/2/28429/manifest		entity-1	Alighieri, Dante	Il Canzoniere
3042		https://dl.ficlit.unibo.it/iiif/2/19428/manifest		entity-241	Raimondi, Giuseppe	"Raimondi, Giuseppe. Quaderno manoscritto, ""Caserma Scalo : 1930-1968"""
3051		https://dl.ficlit.unibo.it/iiif/2/19425/manifest		entity-258	Raimondi, Giuseppe	"Raimondi, Giuseppe. Quaderno manoscritto, ""La vecchia centrale termica. Aprile 965"""
